SubNo,Chapter,Level,PassedFlag,HintFlag,Time2Initiate,Time2Win,Time4Revisit,Steps2Win,Steps4Revisit,StepInterval
1,1,1,1,0,19.31673,31.26669,0,13,0,0.994434166666667
1,1,2,1,0,3.93340000000001,176.7664,0,236,0,0.735388936170213
1,1,3,1,0,3.95010000000002,57.6166,0,54,0,1.01226226415094
1,1,4,1,0,2.98339999999996,10.4,0,8,0,1.05712857142857
1,2,1,1,1,6.48329999999999,1043.098,5.55000000000018,1011,0,1.02633435643564
1,2,2,1,0,5.85099999999989,49.4009999999998,9.31700000000001,74,0,0.596342465753426
1,2,3,1,0,2.78300000000013,38.7,10.7170000000003,55,0,0.664814814814817
1,2,4,1,0,4.19999999999982,213.966,9.51699999999937,304,0,0.692240924092409
1,2,5,1,0,3.64999999999986,123.899,4.66699999999992,158,0,0.765815286624204
1,3,1,1,0,8.39999999999986,182.467,0,126,0,1.3924
1,3,2,1,0,2.83399999999983,269.517,0,278,0,0.962693140794224
1,3,3,1,0,3.73300000000017,219.516,0,144,0,1.50885314685315
2,1,1,1,0,10.39993,16.85,0,14,0,0.494878461538461
2,1,2,1,0,1.83334,65.18315,2.59999999999999,117,0,0.545975948275862
2,1,3,1,0,2.36660000000001,21.5,0,34,0,0.57929696969697
2,1,4,1,0,4.65010000000001,10.7334,0,12,0,0.55150909090909
2,2,1,1,0,3.13339999999999,257.6161,0,466,0,0.547238709677419
2,2,2,1,0,1.9667,22.8333,0,53,0,0.400959615384615
2,2,3,1,0,1.04990000000004,18.4833,0,45,0,0.395836363636363
2,2,4,1,0,1.5668,180.7496,0,387,0,0.464161139896373
2,2,5,1,0,1.28330000000005,41.8499,0,66,0,0.623846153846153
2,3,1,1,0,4.63329999999996,83.9832,0,128,0,0.624671653543307
2,3,2,1,0,4.11669999999992,138.9664,0,228,0,0.593977973568282
2,3,3,1,0,1.23329999999999,502.2324,0,524,0,0.957900764818356
3,1,1,1,0,20.29996,41.84994,5.29999999999998,7,6,3.58888
3,1,2,1,0,4.7167,147.5331,13.0332,374,42,0.417961394101877
3,1,3,1,0,2.76669999999996,20.9666999999999,0,46,0,0.404073333333334
3,1,4,1,0,4.83330000000001,6.59999999999997,0,6,0,0.35
3,2,1,1,0,3.05000000000001,108.9167,0,287,0,0.370104895104895
3,2,2,1,0,3.16669999999999,31.3835,0,72,0,0.397184507042254
3,2,3,1,0,1.51679999999999,26.8167,0,46,0,0.561848888888889
3,2,4,1,0,1.81669999999997,238.7662,0,608,0,0.390334266886326
3,2,5,1,0,3.44999999999993,75.7998,0,152,0,0.479027152317881
3,3,1,1,0,1.41679999999997,136.9497,0,251,0,0.5420652
3,3,2,1,0,2.18330000000003,168.7497,0,351,0,0.475855428571429
3,3,3,1,0,1.08300000000008,156.216,0,356,0,0.436949295774648
4,1,1,1,0,8.86659,12.71658,0,6,0,0.766667999999999
4,1,2,1,1,13.51661,323.74941,0,589,0,0.527578401360544
4,1,3,1,0,12.5665,29.4333,0,33,0,0.526565625
4,1,4,1,0,9.71660000000003,12.6999,0,6,0,0.593340000000001
4,2,1,1,0,13.8,616.949,0,544,0,1.11074033149171
4,2,2,1,0,9.45000000000005,28.117,0,45,0,0.423863636363633
4,2,3,1,0,4.63300000000004,14.866,0,30,0,0.352310344827582
4,2,4,1,0,17.9829999999999,249.832,0,409,0,0.568218137254902
4,2,5,1,1,11.817,648.983,0,699,0,0.912820916905444
4,3,1,1,0,6.11700000000019,316.749,0,150,0,2.0846711409396
4,3,2,1,0,8.76699999999983,108.217,0,212,0,0.47124644549763
4,3,3,1,0,3.13300000000027,152.617,0,276,0,0.546970909090909
5,1,1,1,0,17.08326,20.4167,18.3334,8,0,0.473827142857143
5,1,2,1,0,3.61649999999999,217.3494,0,148,0,1.83684489795918
5,1,3,1,0,9.1499,48.4833,0,59,0,0.677874137931035
5,1,4,1,0,9.0333,11.9999,0,6,0,0.589980000000003
5,2,1,1,0,14.6,581.5151,0,685,0,0.860086403508772
5,2,2,1,0,14.6669999999999,60.8499999999999,0,72,0,0.650225352112675
5,2,3,1,0,13.683,36.7160000000001,0,44,0,0.535279069767443
5,2,4,1,0,19.3,143.7,0,161,0,0.77739375
5,2,5,1,1,8.7829999999999,960.147999999999,0,965,0,0.999357883817428
5,3,1,1,0,30.5659999999998,145.566,0,159,0,0.727740506329115
5,3,2,1,0,19.6669999999999,473.599,0,562,0,0.811258467023173
5,3,3,1,0,12.2339999999999,458.549,0,566,0,0.789909734513274
6,1,1,1,0,7.65002,40.31668,0,48,0,0.694681063829787
6,1,2,1,0,5.48333,98.09987,0,198,0,0.470049949238579
6,1,3,1,0,7.16669999999999,18.4999,0,26,0,0.452664
6,1,4,1,0,2.40000000000001,14.1666,0,12,0,1.06817272727273
6,2,1,1,0,6.41670000000002,276.7996,0,340,0,0.797540707964602
6,2,2,1,0,2.33320000000003,31.1165,0,69,0,0.423039705882353
6,2,3,1,0,3.35000000000002,22.4166,0,40,0,0.488458974358974
6,2,4,1,0,3.05009999999993,97.3831,0,110,0,0.865288073394496
6,2,5,1,0,5.81669999999997,30.25,0,29,0,0.872017857142859
6,3,1,1,0,2.13329999999996,173.1997,0,219,0,0.784632110091743
6,3,2,1,0,5.16689999999994,330.0324,0,437,0,0.750572247706422
6,3,3,1,0,2.66699999999992,396.583,0,407,0,0.970194581280789
7,1,1,1,0,41.41648,51.49988,0,9,0,1.2583375
7,1,2,1,1,11.6,769.7651,0,480,0,1.691124217119
7,1,3,1,0,12.1333,22.8167,0,28,0,0.39506666666667
7,1,4,1,0,9.70000000000005,14.8167,0,10,0,0.566666666666657
7,2,1,1,1,12.883,804.032,0,1082,0,0.731851988899167
7,2,2,1,0,18.9839999999999,64.7839999999999,0,59,0,0.789362068965519
7,2,3,1,0,19.634,49.9000000000001,0,51,0,0.605
7,2,4,1,0,22.2,379.083,0,323,0,1.10827950310559
7,2,5,1,0,27.8829999999998,70.5329999999999,0,35,0,1.25394117647059
7,3,1,1,0,18.0999999999999,250.883,0,150,0,1.56219463087248
7,3,2,1,0,10.5830000000001,105.866,0,144,0,0.666202797202796
7,3,3,1,0,24.3490000000002,660.332,0,504,0,1.26434592445328
8,1,1,1,0,8.0667,11.1334,0,6,0,0.61002
8,1,2,1,0,3.3167,70.4333,0,89,0,0.861172727272727
8,1,3,1,0,4.85000000000002,16.5333,0,31,0,0.38889
8,1,4,1,0,7.01669999999999,9.86669999999998,0,8,0,0.404757142857144
8,2,1,1,0,4.36670000000001,339.2994,0,596,0,0.568906722689076
8,2,2,1,0,3.41660000000002,32,0,56,0,0.519394545454545
8,2,3,1,0,3,21.9834,0,43,0,0.451588095238094
8,2,4,1,0,1.71659999999997,94.1998,0,174,0,0.534488439306358
8,2,5,1,0,12.6999000000001,40.1999000000001,0,53,0,0.528526923076922
8,3,1,1,0,19.9833,86.4498,0,136,0,0.492221481481481
8,3,2,1,0,2.75,456.7324,0,796,0,0.572683018867924
8,3,3,1,0,4.06700000000001,510.683,0,846,0,0.599525443786982
9,1,1,1,0,18.1659999999999,23.3489999999999,0,6,0,1.03319999999999
9,1,2,1,1,9.39999999999986,344.099,0,388,0,0.864813953488372
9,1,3,1,0,13.75,22.7169999999999,0,28,0,0.331481481481483
9,1,4,1,0,6.21599999999989,14.383,0,28,0,0.301851851851855
9,2,1,1,0,6.88400000000001,526.582,0,512,0,1.01699021526419
9,2,2,1,0,11.1330000000003,35.6000000000004,0,50,0,0.499
9,2,3,1,0,13.6329999999998,31.866,0,44,0,0.423627906976742
9,2,4,1,0,16.25,128.666,0,117,0,0.96896551724138
9,2,5,1,0,25.3500000000004,71.7840000000001,0,45,0,1.05493181818182
9,3,1,1,0,19.1999999999998,573.466,0,473,0,1.1742563559322
9,3,2,1,0,16.433,803.748,0,593,0,1.32989527027027
9,3,3,0,0,13.3330000000005,425.162536621094,0,359,0,1.02071508379888
10,1,1,1,0,4.86660000000001,29.7165,0,17,0,1.55208125
10,1,2,1,0,6.9333,110.5163,0,229,0,0.454238596491228
10,1,3,1,0,5.36660000000001,14.0166,0,32,0,0.278496774193548
10,1,4,1,0,5.7833,8.25,0,6,0,0.490020000000004
10,2,1,1,0,7.58340000000004,384.7657,0,511,0,0.754279019607843
10,2,2,1,0,8.7666999999999,48.5666,0,86,0,0.468037647058824
10,2,3,1,0,5.73329999999999,18.8163999999999,0,37,0,0.362958333333334
10,2,4,1,0,12.9833,66.1330999999999,0,62,0,0.87103606557377
10,2,5,1,1,17.3833,652.9646,0,991,0,0.644476060606061
10,3,1,1,0,9.56700000000001,203.933,0,305,0,0.639309210526316
10,3,2,1,0,31.6500000000001,1196.58,0,1259,0,0.932509538950715
10,3,3,1,0,5.9670000000001,281.983,0,263,0,1.05343129770992
11,1,1,1,0,6.5333,12.0833,0,12,0,0.503027272727272
11,1,2,1,0,2.75,38.0832,0,74,0,0.483787671232877
11,1,3,1,0,6.61670000000001,14.8833,0,26,0,0.329996
11,1,4,1,0,4.3167,6.39999999999998,0,6,0,0.413339999999999
11,2,1,1,0,6.5,100.0332,0,196,0,0.479571794871795
11,2,2,1,0,4.61660000000001,24.4333,0,52,0,0.388235294117647
11,2,3,1,0,2.25010000000003,19.1167,0,39,0,0.443418421052631
11,2,4,1,0,9.11669999999998,41.8666,0,65,0,0.51145625
11,2,5,1,0,10,60.5165,0,97,0,0.526039583333333
11,3,1,1,0,3.21680000000003,319.6824,0,502,0,0.631634730538922
11,3,2,1,0,4.58349999999996,104.5666,0,236,0,0.425388936170213
11,3,3,1,0,3.00019999999995,212.1491,0,247,0,0.850133739837398
12,1,1,1,0,8.33326,33.69979,0,27,0,0.974997307692308
12,1,2,1,1,16.1333,438.9991,0,162,0,2.7285652173913
12,1,3,1,0,9.01649999999995,21.9,0,36,0,0.367622857142857
12,1,4,1,0,8.75,11.4331999999999,0,6,0,0.533320000000003
12,2,1,1,1,10.0998999999999,1259.979,0,965,0,1.30010072614108
12,2,2,1,0,32,124.883,0,124,0,0.755016260162601
12,2,3,1,0,21.3329999999999,83.2659999999998,0,102,0,0.613039603960395
12,2,4,1,0,26.4339999999997,453.833,17.6170000000011,448,0,0.962002237136466
12,2,5,1,0,29.8670000000002,68.1500000000001,0,45,0,0.86968181818182
12,3,1,1,0,39.2829999999999,826.431,0,573,0,1.38703146853147
12,3,2,0,0,17.0839999999998,975.276306152344,0,773,0,1.2557396373057
13,1,1,1,0,8.11669999999999,19.65,0,12,0,1.04696818181818
13,1,2,1,0,3.53337000000001,283.24942,0,699,0,0.412415401146132
13,1,3,1,0,1.43329999999997,11.4332,0,26,0,0.399328
13,1,4,1,0,2.13329999999996,7.68339999999995,0,10,0,0.614822222222225
13,2,1,1,0,2.61669999999998,99.1998,0,234,0,0.414448497854077
13,2,2,1,0,3.15009999999995,31.1833,0,69,0,0.412008823529412
13,2,3,1,0,4.56670000000008,16.3997000000001,0,38,0,0.31936216216216
13,2,4,1,0,2.63330000000008,105.6666,0,190,0,0.545061375661375
13,2,5,1,0,7.86669999999992,93.6664999999999,0,176,0,0.490189714285715
13,3,1,1,0,9.66669999999999,85.5331,0,129,0,0.59257578125
13,3,2,1,0,7.06669999999997,142.0326,0,189,0,0.717818617021276
13,3,3,1,0,3.7829999999999,122.2,0,78,0,1.53766233766234
14,1,1,1,0,19.20001,72.14992,8.33329999999998,44,6,1.57519093023256
14,1,2,1,0,3.13340000000002,176.933,0,140,0,2.29771582733813
14,1,3,1,0,8.08330000000001,27.65,0,38,0,0.528378378378379
14,1,4,1,0,8.08330000000001,10.3833,0,6,0,0.456659999999999
14,2,1,1,0,8.38330000000002,486.0988,0,568,0,1.15905044091711
14,2,2,1,0,4.51670000000001,33.3833,0,54,0,0.544337735849055
14,2,3,1,0,9.06669999999997,27.3333,0,37,0,0.506944444444444
14,2,4,1,0,13.0994999999999,185.0665,0,198,0,0.878086294416243
14,2,5,1,0,31.5160000000001,219.666,0,191,0,0.990173684210527
14,3,1,1,0,19.867,122.783,0,110,0,0.944036697247707
14,3,2,1,0,5.58300000000008,364.833,0,487,0,0.739162551440329
14,3,3,1,0,4.48299999999995,391.315,0,256,0,1.51692549019608
15,1,1,1,0,31.24999,34.79999,0,8,0,0.504757142857142
15,1,2,1,0,4.94999999999999,69.9165,0,97,0,0.676560416666667
15,1,3,1,0,5.5,25.4,0,40,0,0.509830769230769
15,1,4,1,0,6.43340000000001,8.16679999999999,0,6,0,0.343340000000001
15,2,1,1,0,11.8999,288.1825,0,542,0,0.522672828096118
15,2,2,1,0,6.86660000000006,120.5997,0,171,0,0.668919999999999
15,2,3,1,0,3.45000000000005,16.8499,0,39,0,0.352192105263157
15,2,4,1,0,9.98329999999999,166.7827,0,307,0,0.515303594771242
15,2,5,1,0,2.00009999999997,270.8498,0,498,0,0.549193963782696
15,3,1,1,0,12.0329999999999,163.449,0,263,0,0.577862595419848
15,3,2,1,0,8.63299999999981,185.849,0,332,0,0.535347432024169
15,3,3,1,0,2.88300000000004,1129.431,0,1861,0,0.609479032258064
16,1,1,1,0,9.88335000000001,11.53345,0,6,0,0.326679999999999
16,1,2,1,0,3.79989999999999,79.6501,0,128,0,0.597114960629921
16,1,3,1,0,6.01670000000001,15.1999,0,26,0,0.366664
16,1,4,1,0,4.5667,8.73329999999999,0,12,0,0.377263636363637
16,2,1,1,1,8.73330000000001,812.7811,0,911,0,0.88355032967033
16,2,2,1,0,9.38400000000001,30.0999999999999,0,57,0,0.369642857142858
16,2,3,1,0,5.16699999999992,21.9839999999999,0,36,0,0.479999999999999
16,2,4,1,0,4.81600000000003,56.616,0,91,0,0.575377777777779
16,2,5,1,0,12.867,39.75,0,42,0,0.655268292682927
16,3,1,1,0,15.4829999999999,100.35,0,126,0,0.678799999999999
16,3,2,1,0,8.2170000000001,36.0500000000002,0,60,0,0.471474576271187
16,3,3,1,0,9.11599999999999,678.048,0,855,0,0.783272833723653
17,1,1,1,0,25.6165,38.7333,0,8,0,1.87145714285714
17,1,2,1,0,15.3833,226.1161,29.7,318,48,0.664719873817035
17,1,3,1,0,4.08330000000001,31.2332,0,33,0,0.8479125
17,1,4,1,0,8.11670000000004,30.8333,0,16,0,1.51333333333333
17,2,1,1,0,6.39999999999998,145.7497,0,239,0,0.585433193277311
17,2,2,1,0,2.84990000000005,26.9832,0,52,0,0.472876470588236
17,2,3,1,0,4.85000000000002,24.35,0,44,0,0.453102325581394
17,2,4,1,0,28.4167,203.6162,0,280,0,0.627895698924731
17,2,5,1,0,6.91680000000008,97.0993999999999,0,110,0,0.827216513761468
17,3,1,1,0,5.35000000000014,72.433,0,77,0,0.882447368421053
17,3,2,1,0,9,242.216,0,319,0,0.733333333333333
17,3,3,1,0,12.866,106.816,0,87,0,1.09224418604651
18,1,1,1,0,29.43316,38.06655,0,8,0,1.23096285714286
18,1,2,1,1,9.1833,421.1656,31.6500000000003,577,61,0.715218229166667
18,1,3,1,0,8.01660000000004,60.9665,0,68,0,0.790049253731342
18,1,4,1,0,6.35000000000002,12.2666,12.4659999999998,10,0,0.655555555555553
18,2,1,1,1,4.23329999999999,3227.1244,70.6499999999996,3054,0,1.08947202751392
18,2,2,1,0,18.7830000000004,329.216,0,425,0,0.73211320754717
18,2,3,1,0,11.4169999999995,96.7669999999998,0,68,0,1.27362686567165
18,2,4,1,0,10.3670000000002,73.3500000000004,0,54,0,1.18803773584906
18,2,5,1,0,9.66699999999946,30.2829999999994,0,27,0,0.792307692307706
18,3,1,1,0,17.4670000000006,107.517000000001,0,136,0,0.666911111111107
18,3,2,0,0,5.19999999999982,361.749,0,431,0,0.848058139534884
19,1,1,1,0,3.85000000000001,7.7833,4.84989999999999,10,14,0.435188888888888
19,1,2,1,0,2.7167,98.1329,0,202,0,0.474624378109453
19,1,3,1,0,4.38329999999999,26.4499,0,43,0,0.524997619047619
19,1,4,1,0,1.26670000000001,10.7499,0,32,0,0.305374193548386
19,2,1,1,0,0.966600000000028,277.7485,0,635,0,0.43653832807571
19,2,2,1,0,6.8001999999999,65.2665,0,113,0,0.521872321428572
19,2,3,1,0,3.78340000000003,19.7666,0,45,0,0.362875
19,2,4,1,0,3.15000000000009,32.9664,0,59,0,0.513789655172414
19,2,5,1,0,11.5167,35.1332000000001,0,49,0,0.491662500000002
19,3,1,1,0,2.84980000000007,224.832,0,355,0,0.627021186440678
19,3,2,1,0,11.6499,82.9660000000001,0,190,0,0.377249206349207
19,3,3,1,0,2.03400000000011,86.567,0,156,0,0.545264516129033
20,1,1,1,0,13.49994,16.98332,0,6,0,0.693348
20,1,2,1,0,6.15004,100.64957,0,190,0,0.499909153439153
20,1,3,1,0,6.65010000000001,22.3999,0,33,0,0.491659374999999
20,1,4,1,0,4.91659999999999,7.63329999999999,0,8,0,0.385714285714288
20,2,1,1,0,7.13340000000002,510.214,0,747,0,0.692780026809651
20,2,2,1,0,3.68340000000001,28.9333,0,57,0,0.450592857142857
20,2,3,1,0,5.84999999999991,16.9666,0,33,0,0.346871875000001
20,2,4,1,0,4.24990000000003,164.549,0,218,0,0.738628571428571
20,2,5,1,0,3.6499,32.5001,0,25,0,1.20138333333333
20,3,1,1,0,5.40100000000007,282.782,0,356,0,0.78130985915493
20,3,2,1,0,4.38300000000004,166.715,0,204,0,0.799586206896551
20,3,3,1,0,4.14999999999986,658.746,0,555,0,1.1815523465704
21,1,1,1,0,3.96658,6.69996,7.9999,8,8,0.388104285714287
21,1,2,1,1,1.58354,312.61507,0,570,0,0.546598998242531
21,1,3,1,0,4.43339999999995,17.7832,0,33,0,0.416662500000001
21,1,4,1,0,1.6832,10.8665,0,30,0,0.316089655172414
21,2,1,1,0,1.7833,173.1157,0,310,0,0.554419741100324
21,2,2,1,0,3.91660000000002,21.8166,0,55,0,0.331172222222222
21,2,3,1,0,3.54999999999995,24.0165999999999,0,39,0,0.538155263157894
21,2,4,1,0,3.9683,41.5495999999999,0,67,0,0.569162121212122
21,2,5,1,0,5.31669999999997,21.9832,0,33,0,0.520306250000001
21,3,1,1,0,2.86670000000004,166.4658,0,286,0,0.579529122807018
21,3,2,1,0,5.18330000000003,153.0994,0,297,0,0.499659121621622
21,3,3,1,0,1.59999999999991,1442.842,0,1524,0,0.949808929743927
22,1,1,1,0,13.73317,20.53315,0,12,0,0.616667272727272
22,1,2,1,0,2.58329,220.96552,0,407,0,0.556195886699507
22,1,3,1,0,7.04990000000004,29.8664,0,43,0,0.542854761904761
22,1,4,1,0,2.8501,12.0667,0,8,0,1.31427142857143
22,2,1,1,1,3.1499,1048.9424,0,1664,0,0.667695429945881
22,2,2,1,0,7.68299999999999,32.1659999999999,0,53,0,0.470519230769228
22,2,3,1,0,2.38300000000004,20.2160000000001,0,44,0,0.41432558139535
22,2,4,1,0,4.68299999999999,269.265,0,409,0,0.648446078431373
22,2,5,1,0,12.1000000000001,403.031,0,620,0,0.636936995153474
22,3,1,1,0,10.3329999999996,107.849,0,135,0,0.727611940298508
22,3,2,1,0,7.21599999999989,1158.992,0,1215,0,0.952561779242175
22,3,3,0,0,9.88400000000001,534.901306152344,0,551,0,0.923418181818182
23,1,1,1,0,11.50002,13.98342,0,6,0,0.493359999999998
23,1,2,1,0,8.4833,164.1329,0,245,0,0.678824180327869
23,1,3,1,0,5.26670000000001,26.5499,0,44,0,0.494572093023255
23,1,4,1,0,3.29999999999995,10.6333,0,16,0,0.487773333333333
23,2,1,1,0,3.73340000000002,389.866,0,668,0,0.578884557721139
23,2,2,1,0,4.64999999999998,26.9833,0,54,0,0.421067924528302
23,2,3,1,0,5.3501,26.5166,0,40,0,0.542305128205128
23,2,4,1,0,14.2334,169.2498,0,239,0,0.655040756302521
23,2,5,1,0,13.2333,58.6667,0,71,0,0.648805714285714
23,3,1,1,0,3.58300000000008,119.766,0,217,0,0.537810185185185
23,3,2,1,0,1.59999999999991,429.532,0,734,0,0.583785811732606
23,3,3,1,0,1.48299999999995,747.732,0,791,0,0.94459746835443
24,1,1,1,0,7.8168,16.75,0,6,0,1.78332
24,1,2,1,1,14.7167,350.616,9.28320000000031,244,0,1.47544279835391
24,1,3,1,0,13.4665,37.7165,18.2167999999999,31,3,0.807776666666666
24,1,4,1,0,8.69989999999996,10.9333,11.3832999999998,6,0,0.443340000000012
24,2,1,1,0,22,346.4656,0,323,0,1.23369440993789
24,2,2,1,0,14.75,78.617,0,104,0,0.619902912621358
24,2,3,1,0,10.05,31.6500000000001,0,38,0,0.583324324324327
24,2,4,1,0,55.5329999999999,242.666,0,196,0,0.959569230769231
24,2,5,1,0,36.3500000000001,339.716,0,307,0,0.991339869281045
24,3,1,1,0,51.4829999999999,314.116,0,255,0,1.03392125984252
24,3,2,1,0,55.5830000000001,309.9,0,290,0,0.879930795847751
24,3,3,1,0,34.3499999999999,1135.497,0,485,0,2.31101652892562
25,1,1,1,0,7.66672,10.78336,0,9,0,0.38749875
25,1,2,1,0,3.03323,120.36641,0,225,0,0.523734285714286
25,1,3,1,0,2.34999999999999,35.6,0,51,0,0.664666
25,1,4,1,0,2.41670000000002,14.5,0,34,0,0.365654545454545
25,2,1,1,0,1.61669999999998,223.0663,0,365,0,0.608332417582418
25,2,2,1,0,2.30000000000001,33.7008,0,62,0,0.514495081967212
25,2,3,1,0,1.66660000000002,22.7666,0,52,0,0.4134
25,2,4,1,0,2.76670000000001,306.3994,0,412,0,0.738725060827251
25,2,5,1,0,3.03390000000002,23.7665000000001,0,42,0,0.505268292682927
25,3,1,1,0,1.48320000000001,166.916,0,226,0,0.735185777777778
25,3,2,1,0,4.34999999999991,251.516,0,285,0,0.87024647887324
25,3,3,1,0,1.54999999999995,97.2329999999999,0,244,0,0.393691358024691
26,1,1,1,0,13.33332,19.7499,11.69991,10,19,0.711102222222223
26,1,2,1,0,4.86668,37.49985,0,77,0,0.429165394736842
26,1,3,1,0,6.54999999999998,19.4,0,29,0,0.458332142857143
26,1,4,1,0,5.83339999999998,8.48339999999999,0,8,0,0.376185714285717
26,2,1,1,0,3.31659999999999,604.8149,0,870,0,0.692153855005754
26,2,2,1,0,2.78340000000003,25.4333,0,50,0,0.461904081632652
26,2,3,1,0,2.04999999999995,19.4501,0,44,0,0.404265116279071
26,2,4,1,0,1.04999999999995,128.0163,0,180,0,0.720575418994414
26,2,5,1,0,1.20000000000005,249.2833,0,483,0,0.516284854771784
26,3,1,1,0,2,80.883,0,106,0,0.751114285714285
26,3,2,1,0,6.46699999999987,131.316,0,191,0,0.657015789473685
26,3,3,1,0,3.63300000000004,225.716,0,316,0,0.704974603174603
27,1,1,1,0,21.75002,48.01662,46.7168,59,118,0.452584482758621
27,1,2,1,0,2.84999999999999,173.0832,0,307,0,0.591883006535948
27,1,3,1,0,5.88330000000002,18.1165,0,36,0,0.349045714285713
27,1,4,1,0,6.96659999999997,15.25,0,26,0,0.330668000000001
27,2,1,1,0,5.33330000000001,172.1161,0,346,0,0.509080579710145
27,2,2,1,0,10.0667,26.9832,0,42,0,0.412192682926829
27,2,3,1,0,6.28340000000003,19.0667,0,31,0,0.425553333333335
27,2,4,1,0,5.16660000000002,41.0165000000001,0,69,0,0.526960294117647
27,2,5,1,0,9.64999999999998,222.9494,0,298,0,0.718123232323232
27,3,1,1,0,12.3163,134.8157,0,144,0,0.856527272727273
27,3,2,1,0,2.51600000000008,133.116,0,224,0,0.58557399103139
27,3,3,1,0,28.867,212.75,0,189,0,1.08022340425532
28,1,1,1,0,7.98339,13.78335,0,8,0,0.826181428571429
28,1,2,1,0,1.28338,46.06658,0,83,0,0.634347804878049
28,1,3,1,0,2.9335,14.9502,0,29,0,0.428575
28,1,4,1,0,2.78319999999999,8.06649999999999,6.65009999999987,16,0,0.351106666666667
28,2,1,1,0,2.76670000000001,137.9663,0,240,0,0.565619246861925
28,2,2,1,0,3.68329999999997,26.6499,0,63,0,0.37016129032258
28,2,3,1,0,2.7833,16.1,0,34,0,0.403030303030303
28,2,4,1,0,8.06670000000003,56.8832,0,89,0,0.554543181818182
28,2,5,1,0,2.3168,278.4489,0,472,0,0.652297664543524
28,3,1,1,0,5.53340000000003,74.0331,0,129,0,0.5350234375
28,3,2,1,0,2.88329999999996,231.8491,0,414,0,0.554357869249395
28,3,3,1,0,2.84999999999991,163.432,0,307,0,0.524725490196079
29,1,1,1,0,23.1166,26.8999,0,6,0,0.753340000000003
29,1,2,1,1,16.1499,433.6158,0,300,0,1.39615117056856
29,1,3,1,0,19.3333,45.4833,0,31,0,0.871106666666666
29,1,4,1,0,12.2501,18.9831999999999,0,6,0,1.3433
29,2,1,1,1,8.30000000000007,1258.664,0,895,0,1.39859955257271
29,2,2,1,0,10.4830000000002,97.0329999999999,0,69,0,1.27254411764706
29,2,3,1,0,10.5659999999998,52.1489999999999,0,64,0,0.659793650793651
29,2,4,1,0,53.0830000000001,561.532,0,491,0,1.03761632653061
29,2,5,1,0,13.366,239.249,0,55,0,4.1827037037037
29,3,1,0,0,112.417,1803.30712890625,0,798,0,1.96206273525721
30,1,1,1,0,5.18333,13.39993,26.2666,10,8,0.911104444444444
30,1,2,1,0,3.66667,285.4494,0,512,0,0.634180293542075
30,1,3,1,0,5.3168,13.6167,0,30,0,0.285627586206895
30,1,4,1,0,12.9834,15.8667,0,10,0,0.318511111111112
30,2,1,1,1,1.81670000000003,659.5819,0,941,0,0.706398723404255
30,2,2,1,0,4.04999999999995,25.9839999999999,0,58,0,0.384508771929823
30,2,3,1,0,3.5,20.133,0,43,0,0.395642857142856
30,2,4,1,0,3.39999999999986,184.533,0,367,0,0.494852459016393
30,2,5,1,0,2.94999999999982,95.867,0,72,0,1.30845070422535
30,3,1,1,0,2.16599999999994,245.183,0,345,0,0.736578488372093
30,3,2,1,0,2.79999999999995,660.165,0,1028,0,0.640067185978578
30,3,3,0,0,1.43299999999999,896.783752441406,0,900,0,0.747477196885428
31,1,1,1,0,1.71667,34.85,0,49,0,0.689930833333333
31,1,2,1,0,1.71667000000001,94.76653,0,254,0,0.36772
31,1,3,1,0,1.89999999999998,70.1499,0,97,0,0.7107625
31,1,4,1,0,1.11660000000001,11.8833,0,26,0,0.43
31,2,1,1,0,1.46679999999998,263.9828,0,509,0,0.516731102362205
31,2,2,1,0,1.66669999999999,30.7666,0,53,0,0.559294230769231
31,2,3,1,0,1.78339999999992,13.8833999999999,0,37,0,0.335647222222222
31,2,4,1,0,1.71679999999992,51.9001,0,118,0,0.428774358974359
31,2,5,1,0,1.68330000000003,44.6499,0,102,0,0.425246534653465
31,3,1,1,0,2.56670000000008,103.2498,0,229,0,0.441519298245614
31,3,2,1,0,2.46670000000006,266.6663,0,571,0,0.463478245614035
31,3,3,1,0,2.25,256.75,0,315,0,0.810455414012739
32,1,1,1,0,9.29990000000001,20.71664,0,11,0,1.140009
32,1,2,1,1,7.10003,888.33153,0,1801,0,0.493174888888889
32,1,3,1,0,5.58299999999997,24.266,0,32,0,0.602161290322585
32,1,4,1,0,6.51700000000005,13.8,10.3499999999997,29,0,0.259535714285708
32,2,1,1,1,2.38300000000004,1417.93,0,2568,0,0.560529801324503
32,2,2,1,0,8.01599999999962,31.1659999999997,0,64,0,0.367206349206349
32,2,3,1,0,4.13299999999981,25.6990000000001,0,52,0,0.422549019607847
32,2,4,1,0,7.08400000000029,57.7000000000003,0,71,0,0.722857142857142
32,2,5,1,0,8.90000000000009,47.6999999999998,0,57,0,0.69255357142857
32,3,1,1,0,12.0170000000003,132.75,0,158,0,0.768898089171972
32,3,2,1,0,5.43299999999999,185.617,0,426,0,0.423922352941176
32,3,3,1,0,15.067,79.3499999999999,0,176,0,0.367234285714286
33,1,1,1,0,4.1833,7.88327,0,8,0,0.526188571428571
33,1,2,1,0,4.18332,301.99947,0,609,0,0.489801891447368
33,1,3,1,0,7.25,20.5,0,36,0,0.378094285714285
33,1,4,1,0,4.33330000000001,5.61669999999998,0,6,0,0.253340000000003
33,2,1,1,0,8.96690000000001,150.2664,0,280,0,0.506389964157706
33,2,2,1,0,5.19989999999996,60.7333,0,98,0,0.572337113402062
33,2,3,1,0,4.03329999999994,26.1499,0,44,0,0.513953488372094
33,2,4,1,0,4.26670000000001,87.5666,0,109,0,0.77114074074074
33,2,5,1,0,2.04989999999998,19.9499,0,35,0,0.525982352941178
33,3,1,1,0,3.93329999999992,94.6496999999999,0,101,0,0.906998000000001
33,3,2,1,0,5.7337,121.4164,0,249,0,0.466395564516129
33,3,3,1,0,3.29989999999998,157.7999,0,202,0,0.768572139303483
34,1,1,1,0,27.96652,43.56662,19.0000000000001,6,12,3.1167
34,1,2,1,1,9.20009999999999,319.8993,21.3498999999995,504,55,0.700694433399602
34,1,3,1,0,7.08340000000004,18.8666,17.9333,30,33,0.405744827586208
34,1,4,1,0,6.96640000000002,23.2332999999999,0,51,0,0.346337999999998
34,2,1,1,0,7.80169999999998,255.5995,9.36599999999976,442,0,0.582534693877551
34,2,2,1,0,6.13330000000008,44.6499,0,76,0,0.513333333333333
34,2,3,1,0,6.08330000000001,17.9,0,37,0,0.327777777777777
34,2,4,1,0,7.56659999999999,169.2327,0,201,0,0.8082505
34,2,5,1,0,2.71699999999987,239.9,0,168,0,1.42015568862276
34,3,1,1,0,13.134,1090.999,0,1300,0,0.860313317936874
34,3,2,1,0,115.266,661.132,0,513,0,1.07473828125
34,3,3,0,0,11.9499999999998,50.4170227050781,0,99,0,0.363938775510206
35,1,1,1,0,19.88327,35.6,0,22,0,0.747622857142857
35,1,2,1,1,4.38337,380.81547,0,345,0,1.11249651162791
35,1,3,1,0,6.03339999999997,45.5330999999999,0,39,0,1.03902631578948
35,1,4,1,0,1.71669999999995,10.6165999999999,0,18,0,0.522547058823527
35,2,1,1,0,1.46660000000008,556.1152,0,563,0,0.98688896797153
35,2,2,1,0,7.71600000000012,42.7160000000001,0,71,0,0.499771428571427
35,2,3,1,0,3.53400000000011,16.0840000000001,0,32,0,0.404290322580642
35,2,4,1,0,4.98300000000017,124.449,0,135,0,0.891417910447762
35,2,5,1,0,4.80000000000018,36.5830000000001,0,31,0,1.05889999999999
35,3,1,1,0,8.41599999999994,496.048,0,393,0,1.24391581632653
35,3,2,1,0,5.26700000000005,893.848,0,360,0,2.47510863509749
35,3,3,0,0,16.2339999999999,411.639892578125,0,258,0,1.53177042801556
36,1,1,1,0,13.6333,21.03328,0,6,0,1.476666
36,1,2,1,0,7.71669,68.54987,0,62,0,0.996991475409836
36,1,3,1,0,9.2166,33.4332,0,33,0,0.756246875
36,1,4,1,0,3.11669999999998,10.8,0,12,0,0.696963636363638
36,2,1,1,0,6.26679999999999,227.5828,0,413,0,0.537134223300971
36,2,2,1,0,2.66669999999999,53.5331,0,93,0,0.552715217391304
36,2,3,1,0,1.93360000000007,23.0833,0,43,0,0.503169047619045
36,2,4,1,0,6.73340000000007,155.8663,0,209,0,0.716905288461538
36,2,5,1,0,2.86659999999995,37.0998999999999,0,44,0,0.795737209302327
36,3,1,1,0,6.58389999999997,160.9497,0,286,0,0.541575789473684
36,3,2,1,0,3.81669999999997,269.1321,0,519,0,0.512161003861004
36,3,3,1,0,6.54999999999995,99.45,0,233,0,0.40035775862069
37,1,1,1,0,17.86658,21.36653,12.0666,6,14,0.69666
37,1,2,1,0,4.06672999999999,260.44928,0,262,0,1.07879674329502
37,1,3,1,0,9.91660000000002,24.8165,0,31,0,0.496110000000001
37,1,4,1,0,10.4001,11.7334,0,6,0,0.263319999999999
37,2,1,1,0,4.05000000000001,309.2325,0,428,0,0.71842131147541
37,2,2,1,0,10.0165,28.3832,0,55,0,0.339814814814815
37,2,3,1,0,9.73339999999996,28.6667000000002,0,46,0,0.465924444444446
37,2,4,1,0,21.2999,209.8826,0,323,0,0.602636645962733
37,2,5,1,0,29.7159999999999,97.3489999999999,0,139,0,0.489978260869567
37,3,1,1,0,69.4670000000001,180.067,0,173,0,0.68410465116279
37,3,2,1,0,16.617,86.317,0,140,0,0.50131654676259
37,3,3,1,0,18.1499999999999,1282.363,0,1338,0,0.947043380703066
38,1,1,1,0,16.69994,22.39997,0,6,0,1.136678
38,1,2,1,1,12.68341,409.79881,0,617,0,0.670100487012987
38,1,3,1,0,11.9165,27.4999,0,32,0,0.502151612903225
38,1,4,1,0,8.15010000000007,11.1834,0,6,0,0.603340000000003
38,2,1,1,1,8.23329999999999,721.3145,0,888,0,0.816851409244645
38,2,2,1,0,8.41599999999994,46.1499999999999,0,82,0,0.46564197530864
38,2,3,1,0,10.75,29.2329999999999,0,42,0,0.450414634146338
38,2,4,1,0,15.45,300.166,0,315,0,0.906684713375796
38,2,5,1,1,9.71599999999989,639.714,0,832,0,0.762734055354994
38,3,1,1,0,45.3669999999997,431.999,0,360,0,1.07692200557103
38,3,2,1,0,2.2829999999999,163.649,0,180,0,0.901396648044692
38,3,3,0,0,5.65000000000009,1206.51330566406,0,1511,0,0.793960264900662
39,1,1,1,0,7.59995,12.76658,0,12,0,0.468179090909091
39,1,2,1,0,2.36678000000001,215.28257,0,408,0,0.523093587223587
39,1,3,1,0,4.5,24.9666,0,42,0,0.498780487804878
39,1,4,1,0,2.01679999999999,4.58339999999998,0,6,0,0.510000000000002
39,2,1,1,1,3.15010000000001,1691.3612,0,2509,0,0.68201519138756
39,2,2,1,0,4.86700000000019,36.3499999999999,0,76,0,0.419546666666665
39,2,3,1,0,2.58399999999983,15.567,0,39,0,0.341210526315799
39,2,4,1,0,2.15000000000009,96.5500000000002,0,161,0,0.589893749999999
39,2,5,1,0,9.96599999999989,46.3829999999998,0,69,0,0.53529411764706
39,3,1,1,0,3.78400000000011,252.399,0,407,0,0.612312807881774
39,3,2,1,0,3.61600000000044,931.746,0,1304,0,0.712290099769762
39,3,3,1,0,11.4830000000002,405.516,0,504,0,0.783332007952286
40,1,1,1,0,17.38331,25.48329,0,6,0,1.616666
40,1,2,1,0,12.93332,85.5666199999999,5.31659999999999,115,0,0.698534210526316
40,1,3,1,0,7.36660000000001,46.1,3.73339999999999,66,0,0.595641538461539
40,1,4,1,0,7.76670000000001,9.98330000000001,2.98340000000005,8,0,0.314285714285713
40,2,1,1,0,2.7167,255.6993,0,351,0,0.779902571428571
40,2,2,1,0,4.58330000000001,22.9333,0,48,0,0.390072340425532
40,2,3,1,0,2.78340000000003,16.4499000000001,0,39,0,0.359205263157895
40,2,4,1,0,12.5167,74.7498000000001,0,87,0,0.723446511627907
40,2,5,1,0,10.4166,376.616,83.2669999999998,533,164,0.688312781954887
40,3,1,1,0,13,134.883,0,203,0,0.60329702970297
40,3,2,1,0,1.88400000000001,317.583000000001,0,466,0,0.687023655913979
40,3,3,1,0,1.91599999999994,474.298,0,564,0,1.00538543516874
41,1,1,1,0,7.28332,68.78314,0,77,0,0.808989736842105
41,1,2,1,0,5.63339999999999,193.9995,42.7333,365,100,0.517443406593407
41,1,3,1,0,6.81659999999999,36.3332,0,58,0,0.517543859649123
41,1,4,1,0,2.83330000000001,5.51660000000004,0,6,0,0.533320000000003
41,2,1,1,1,2.05000000000001,1140.0795,0,2089,0,0.545025143678161
41,2,2,1,0,2.98399999999992,122.533,0,275,0,0.436251824817518
41,2,3,1,0,2.65000000000009,27.0830000000001,0,60,0,0.413847457627117
41,2,4,1,0,3.18399999999997,156.416,0,316,0,0.4864
41,2,5,1,0,3.29899999999998,19.5829999999999,0,34,0,0.492939393939396
41,3,1,1,0,2.71600000000012,73.9490000000001,0,160,0,0.447905660377358
41,3,2,1,0,3.41700000000014,166.55,0,306,0,0.534806557377048
41,3,3,1,0,4.16699999999992,74.2159999999999,0,118,0,0.598572649572649
42,1,1,1,0,20.0999,30.8666,0,17,0,0.67188125
42,1,2,1,1,28.0999,361.5823,0,438,0,0.763079633867277
42,1,3,1,0,10.0501,38.5665,0,41,0,0.712495000000001
42,1,4,1,0,12.0666,16.3331999999999,0,8,0,0.607142857142857
42,2,1,1,1,33.6500000000001,1001.3642,0,710,0,1.36487616361072
42,2,2,1,0,17.5169999999998,37.6669999999999,0,48,0,0.42836170212766
42,2,3,1,0,19.3999999999999,66.95,0,76,0,0.633773333333335
42,2,4,1,0,52.116,93.816,0,51,0,0.83366
42,2,5,1,0,63.6659999999999,134.116,0,99,0,0.718714285714285
42,3,1,1,0,31.6659999999999,100.449,0,96,0,0.723863157894737
42,3,2,1,0,27.8160000000003,454.715,0,386,0,1.10878701298701
42,3,3,1,0,36.4169999999999,545.032,0,405,0,1.25890594059406
43,1,1,1,0,11.49994,15.69997,0,8,0,0.597627142857143
43,1,2,1,0,5.31663,120.64958,0,179,0,0.647844662921348
43,1,3,1,0,5.5667,21.9333,0,34,0,0.495454545454545
43,1,4,1,0,5.94989999999999,16.3332,0,36,0,0.296191428571429
43,2,1,1,0,3.36660000000001,536.1651,0,589,0,0.906091666666667
43,2,2,1,0,9.23329999999999,32.75,0,48,0,0.5
43,2,3,1,0,6.21680000000003,79.6331,0,118,0,0.627347863247864
43,2,4,1,0,8.26660000000004,187.7826,0,301,0,0.59833
43,2,5,1,0,11.0830000000001,93.3,0,74,0,1.12602739726027
43,3,1,1,0,12.7659999999998,168.982,0,154,0,1.02091503267974
43,3,2,1,0,16.933,263.165,0,284,0,0.870021201413428
43,3,3,1,0,8.40000000000009,413.032,0,280,0,1.45023297491039
44,1,1,1,0,17.8166,52.9665,0,29,0,1.25475714285714
44,1,2,1,1,8.2166,328.5823,0,242,0,1.32924937759336
44,1,3,1,0,5.85000000000002,17.2999,0,32,0,0.368816129032259
44,1,4,1,0,7.66669999999999,11.9666999999999,0,8,0,0.611899999999991
44,2,1,1,0,5.38329999999996,416.6487,0,666,0,0.618419097744361
44,2,2,1,0,4.58330000000001,37.7492999999999,0,73,0,0.460416666666666
44,2,3,1,0,5.19899999999996,17.399,0,32,0,0.393032258064515
44,2,4,1,0,4.58300000000008,158.166,0,233,0,0.661922413793103
44,2,5,1,0,11.7,55.25,0,71,0,0.621899999999999
44,3,1,1,0,6.64999999999986,240.199,0,294,0,0.797037542662117
44,3,2,1,0,6.68399999999997,380.816,0,503,0,0.745249003984064
44,3,3,1,0,14.816,40.7159999999999,0,73,0,0.3595
45,1,1,1,0,8.61669000000001,15.79993,0,10,0,0.796287777777778
45,1,2,1,0,7.13328999999999,71.69979,0,129,0,0.50429609375
45,1,3,1,0,2.05009999999999,17.8666,0,44,0,0.367439534883721
45,1,4,1,0,2.58330000000001,8.45000000000002,0,11,0,0.58501
45,2,1,1,1,1.65010000000001,1230.5633,0,2030,0,0.608154854608181
45,2,2,1,0,2.63400000000001,44.5170000000001,0,92,0,0.460065934065934
45,2,3,1,0,1.71699999999987,23.2,0,55,0,0.397537037037039
45,2,4,1,0,3.66599999999994,165.249,0,281,0,0.577021428571429
45,2,5,1,0,3.33400000000006,43.75,3.41699999999992,80,0,0.511392405063292
45,3,1,1,0,6.11599999999999,142.366,0,195,0,0.702231958762886
45,3,2,1,0,9.23299999999995,145.149,0,191,0,0.715263157894737
45,3,3,1,0,6.61700000000019,455.449,0,547,0,0.822005494505494
46,1,1,1,0,11.53326,13.94996,0,8,0,0.342871428571428
46,1,2,1,0,3.2333,169.8829,0,361,0,0.462869166666667
46,1,3,1,0,2.93350000000004,18.3167,0,31,0,0.512216666666666
46,1,4,1,0,2.46660000000003,10.05,0,24,0,0.328991304347826
46,2,1,1,0,2.56670000000003,111.0831,0,262,0,0.415708045977011
46,2,2,1,0,6.86660000000001,23.1333,0,48,0,0.345744680851064
46,2,3,1,0,5.16669999999999,23.4501,0,52,0,0.358170588235294
46,2,4,1,0,2.73329999999999,120.466,0,207,0,0.571436893203884
46,2,5,1,0,2.41660000000002,78.7833999999999,0,140,0,0.549281294964029
46,3,1,1,0,8.55009999999993,65.9331999999999,0,115,0,0.503214912280701
46,3,2,1,0,2.13329999999996,123.483,0,307,0,0.396513071895425
46,3,3,1,0,1.41680000000008,61.4834000000001,0,111,0,0.545908181818182
47,1,1,1,0,14.2833,17.6499,0,8,0,0.478571428571432
47,1,2,1,1,10.95,76.5831,309.015,121,619,0.546804166666666
47,1,3,1,0,7.2835,25.8835,22.5170000000002,37,44,0.516205555555555
47,1,4,1,0,5.76669999999996,9.16659999999996,0,8,0,0.483328571428574
47,2,1,1,1,5.63330000000002,1323.1958,0,2137,0,0.794544241573034
47,2,2,1,0,7.85000000000036,27.1000000000004,0,62,0,0.315295081967209
47,2,3,1,0,6.19999999999982,18.4499999999998,0,42,0,0.298390243902448
47,2,4,1,0,8.9670000000001,126.949999999999,0,130,0,0.929325581395347
47,2,5,1,0,11.1840000000002,38.8170000000009,0,31,0,0.944433333333321
47,3,1,1,0,6.44999999999982,78.9499999999998,0,116,0,0.630295652173912
47,3,2,1,0,3.10000000000036,367.716,0,464,0,0.787470842332613
47,3,3,1,0,2.23300000000017,115.25,0,109,0,1.0462962962963
48,1,1,1,0,8.63339000000001,14.81663,0,6,0,1.233318
48,1,2,1,0,4.44999999999999,231.83287,25.6659999999999,256,52,0.891632039215686
48,1,3,1,0,9.76669999999996,25.7333,5.91700000000003,39,0,0.419734210526316
48,1,4,1,0,3.81669999999997,10.9001,0,8,0,1.00952857142858
48,2,1,1,1,13.3499,1409.1644,0,1740,0,0.834711558366877
48,2,2,1,0,8.98299999999995,45.45,0,80,0,0.461392405063292
48,2,3,1,0,7.29999999999995,19.5170000000001,0,33,0,0.381250000000001
48,2,4,1,0,18.1500000000001,265.516,0,329,0,0.754112804878049
48,2,5,1,0,25.9000000000001,81.317,0,71,0,0.791428571428573
48,3,1,1,0,6.68299999999999,181.116,0,175,0,1.00239655172414
48,3,2,1,0,13.5329999999999,103.117,0,158,0,0.570490445859873
48,3,3,1,0,14.9499999999998,335.633,0,371,0,0.866664864864865
49,1,1,1,0,50.98318,75.96638,0,13,0,2.08055
49,1,2,1,0,16.2834,188.9997,0,233,0,0.744394827586207
49,1,3,1,0,4.86669999999998,35.9166,0,39,0,0.816663157894737
49,1,4,1,0,11.8334,21.8666,0,12,0,0.91059090909091
49,2,1,1,0,21.0668,682.682,0,942,0,0.70307991498406
49,2,2,1,0,15.55,45.3499999999999,0,46,0,0.661844444444442
49,2,3,1,0,5.46599999999989,25.6500000000001,0,33,0,0.630218750000004
49,2,4,1,0,25.2659999999998,95.4659999999999,0,133,0,0.531689393939394
49,2,5,1,0,9.23400000000015,382.066,0,447,0,0.835910313901345
49,3,1,1,0,23.133,170.199,0,168,0,0.880538922155688
49,3,2,1,0,16.383,437.482,0,669,0,0.63036377245509
49,3,3,1,0,10.8000000000002,213.083,0,302,0,0.671980066445183
50,1,1,1,0,8.51667999999999,11.94996,0,6,0,0.683326
50,1,2,1,0,11.14998,293.08298,0,532,0,0.537475517890772
50,1,3,1,0,4.73330000000004,18.7998,0,34,0,0.425754545454545
50,1,4,1,0,5.10000000000002,6.38330000000002,0,6,0,0.253339999999992
50,2,1,1,0,4.23330000000004,357.4323,0,744,0,0.475346433378197
50,2,2,1,0,4.35000000000002,56.1499,0,85,0,0.616467857142858
50,2,3,1,0,2.58339999999998,50.65,0,120,0,0.403780672268907
50,2,4,1,0,5,416.9829,0,699,0,0.595532808022923
50,2,5,1,0,4.01599999999985,62.683,0,90,0,0.658988764044945
50,3,1,1,0,6.86700000000019,69.7,0,123,0,0.514885245901638
50,3,2,1,0,6.56700000000001,631.516,0,1315,0,0.477815068493151
50,3,3,1,0,3.16600000000017,337.166,0,535,0,0.625436329588015
51,1,1,1,0,5.13333,14.5,0,14,0,0.719232307692308
51,1,2,1,0,2.01662,59.69981,0,131,0,0.443589153846154
51,1,3,1,0,4.34990000000002,18.6832,0,31,0,0.477223333333333
51,1,4,1,0,4.95010000000002,12.2333,0,16,0,0.484439999999999
51,2,1,1,0,9.5333,276.2158,0,546,0,0.48929504587156
51,2,2,1,0,5.58329999999995,31.9499,0,57,0,0.470535714285715
51,2,3,1,0,4.15000000000003,21.9,0,36,0,0.506665714285714
51,2,4,1,0,5.28329999999994,435.6486,0,660,0,0.65303277693475
51,2,5,1,0,11.5833,105.1664,0,150,0,0.627960402684564
51,3,1,1,0,8.20000000000005,67.183,0,118,0,0.503982905982907
51,3,2,1,0,3.04999999999995,88.9829999999999,0,183,0,0.472065934065935
51,3,3,1,0,8.73299999999995,210.066,0,255,0,0.792582677165354
52,1,1,1,0,6.98328000000001,15.36661,0,6,0,1.673336
52,1,2,1,0,3.93335999999999,17.9,0,31,0,0.464998
52,1,3,1,0,12.5333,28.6333,0,34,0,0.487372727272727
52,1,4,1,0,5.28339999999997,8.88329999999999,0,10,0,0.398133333333334
52,2,1,1,0,3.63319999999999,142.9496,0,298,0,0.469022895622896
52,2,2,1,0,9.85000000000002,26.8499,0,42,0,0.414226829268292
52,2,3,1,0,5.44999999999999,34.4832,0,65,0,0.453384375
52,2,4,1,0,12.5834,41.7499,0,67,0,0.441665151515152
52,2,5,1,0,5.41660000000002,42.2498,0,59,0,0.634768965517241
52,3,1,1,0,13.5667,98.0830999999999,0,132,0,0.645035877862596
52,3,2,1,0,5.01679999999999,334.8991,0,564,0,0.585906927175844
52,3,3,1,0,10.3667,377.2988,0,546,0,0.67323871559633
53,1,1,1,0,15.38323,21.65003,0,12,0,0.568200000000001
53,1,2,1,0,3.65000000000001,58.1665,0,105,0,0.5240375
53,1,3,1,0,3.99990000000003,17.0166,0,30,0,0.448275862068966
53,1,4,1,0,1.98330000000001,13.8833,0,36,0,0.33952
53,2,1,1,1,2.88340000000002,823.4481,0,1475,0,0.556680936227951
53,2,2,1,0,2.29999999999995,30.6670000000001,0,35,0,0.833823529411769
53,2,3,1,0,3.80099999999993,31.5839999999998,0,61,0,0.462766666666668
53,2,4,1,0,2.70000000000005,71.7329999999999,0,120,0,0.579966386554621
53,2,5,1,0,2.55099999999993,47.3499999999999,0,88,0,0.51474712643678
53,3,1,1,0,5.05000000000018,116.933,0,243,0,0.462256198347107
53,3,2,1,0,1.66599999999994,227.882,0,505,0,0.448809523809524
53,3,3,1,0,3.23299999999995,220.432,0,362,0,0.601614958448753
54,1,1,1,0,15.4833,65.9665,6.95009999999991,53,6,0.970509615384615
54,1,2,1,1,8.84999999999999,322.6661,0,411,0,0.966135365853658
54,1,3,1,0,7.38330000000008,23.1166000000001,0,31,0,0.523886666666666
54,1,4,1,0,5.55000000000007,10.4167,0,14,0,0.373069230769226
54,2,1,1,1,3.58330000000001,774.9149,0,1048,0,0.743853390639924
54,2,2,1,0,11.4499999999998,41.8499999999999,0,46,0,0.675177777777779
54,2,3,1,0,6.58400000000006,30.7,0,33,0,0.753124999999997
54,2,4,1,0,23.2829999999999,223.199,0,260,0,0.771814671814672
54,2,5,1,1,8.96600000000012,666.147,0,696,0,0.957815827338129
54,3,1,1,0,27.2000000000003,82.8670000000002,0,60,0,0.943220338983052
54,3,2,1,0,8.06600000000026,322.999,0,303,0,1.04276821192053
54,3,3,1,0,8.51700000000028,379.549,0,359,0,1.03635474860335
55,1,1,1,0,6.1333,10.94991,0,6,0,0.959992
55,1,2,1,0,2.08346999999999,289.766,0,281,0,1.02737796428571
55,1,3,1,0,4.78339999999997,31.3333,0,76,0,0.353777333333333
55,1,4,1,0,4.31650000000002,20.5331,0,32,0,0.52258064516129
55,2,1,1,0,7.85000000000002,588.0316,0,1051,0,0.552537714285714
55,2,2,1,0,17.0330000000001,34.5830000000001,0,52,0,0.343803921568625
55,2,3,1,0,4.48299999999995,13.2829999999999,0,28,0,0.325296296296293
55,2,4,1,0,29.7830000000001,337.482,0,490,0,0.629208588957055
55,2,5,1,0,26.55,55.8499999999999,0,65,0,0.457546874999998
55,3,1,1,0,20,190.116,0,275,0,0.620799270072993
55,3,2,1,0,1.68299999999999,216.016,0,427,0,0.503089201877934
55,3,3,1,0,1.9670000000001,185.183,0,246,0,0.747751020408164
56,1,1,1,0,14.65007,22.8333,10.8833,15,19,0.583327142857143
56,1,2,1,0,4.9332,77.3163,0,126,0,0.578932
56,1,3,1,0,12.9,33.7499,0,39,0,0.548244736842106
56,1,4,1,0,3.01660000000001,14.35,0,10,0,1.25742222222222
56,2,1,1,1,17.2499,886.2643,0,954,0,0.920668835257083
56,2,2,1,0,10.6659999999999,34.2829999999999,0,62,0,0.386885245901642
56,2,3,1,0,3.29999999999995,20.05,0,46,0,0.371844444444443
56,2,4,1,0,13.049,187.749,66.7499999999998,254,77,0.690446640316206
56,2,5,1,0,18.0170000000001,67.7670000000001,0,47,0,1.08115217391304
56,3,1,1,0,9.23400000000015,90.883,0,116,0,0.709852173913042
56,3,2,1,0,4.06700000000001,494.665,0,617,0,0.920910714285714
56,3,3,1,0,9.06699999999955,97.7339999999999,0,99,0,0.904591836734695
57,1,1,1,0,22.13336,93.84976,0,129,0,0.56015390625
57,1,2,1,0,13.1999,201.8494,0,371,0,0.509818378378378
57,1,3,1,0,20.2332,64.5998,0,51,0,0.887
57,1,4,1,0,4.06670000000003,16.9667,0,30,0,0.44425172413793
57,2,1,1,0,11.2166,192.9992,0,237,0,0.770194491525424
57,2,2,1,0,7.98329999999999,85.8662999999999,0,126,0,0.6229296
57,2,3,1,0,24.0999,52.5998000000001,0,40,0,0.730341025641025
57,2,4,1,0,41.3832,104.0997,0,91,0,0.696664444444444
57,2,5,1,0,9.23329999999999,44.2994,0,28,0,1.29815185185186
57,3,1,1,0,37.8829999999998,120.866,0,96,0,0.873326315789475
57,3,2,1,0,5.58299999999986,176.733,0,202,0,0.851407960199005
57,3,3,1,0,5.98300000000017,293.532,0,295,0,0.978003401360544
58,1,1,1,0,4.03331,28.16674,0,32,0,0.77796064516129
58,1,2,1,0,10.60015,48.33325,0,91,0,0.419071111111111
58,1,3,1,0,4.7167,21.8333,0,35,0,0.502938235294118
58,1,4,1,0,6.05010000000001,8.6001,0,8,0,0.361914285714286
58,2,1,1,0,3.5333,185.2495,0,265,0,0.688255681818182
58,2,2,1,0,5.3999,28.3498,0,57,0,0.409523214285714
58,2,3,1,0,2.81659999999999,17.8499,0,34,0,0.455048484848484
58,2,4,1,0,4.2167,131.7162,0,244,0,0.524620576131687
58,2,5,1,0,6.66679999999997,157.3164,0,202,0,0.749416915422885
58,3,1,1,0,4.96670000000006,93.6664000000001,0,138,0,0.647321167883212
58,3,2,1,0,4.71669999999995,171.4994,0,236,0,0.709642978723404
58,3,3,1,0,7.70010000000002,269.132,0,257,0,1.021155859375
59,1,1,1,0,6.86669999999999,27.3664,0,23,0,0.93105
59,1,2,1,0,3.48339999999999,153.083,0,374,0,0.401026809651475
59,1,3,1,0,3.25,29.0833,0,48,0,0.549289361702127
59,1,4,1,0,6.2833,8.69999999999999,0,6,0,0.480000000000007
59,2,1,1,0,5.46660000000003,309.1158,0,588,0,0.517261669505963
59,2,2,1,0,7.48350000000005,28.0499000000001,0,56,0,0.37363090909091
59,2,3,1,0,7.33339999999998,16.6166000000001,0,25,0,0.386104166666669
59,2,4,1,0,10.1667,153.3996,0,238,0,0.60428776371308
59,2,5,1,0,10.7834,29.5167,0,33,0,0.584893749999999
59,3,1,1,0,22.3666999999999,118.1163,0,153,0,0.629819736842105
59,3,2,1,0,5.18399999999997,286.799,0,574,0,0.491446771378708
59,3,3,1,0,2.91700000000014,88.7330000000002,0,181,0,0.476661111111111
60,1,1,1,0,5.31663999999999,13.59999,0,6,0,1.65334
60,1,2,1,1,6.55005,335.94893,0,625,0,0.527856217948718
60,1,3,1,0,23.7167,52.6333,0,54,0,0.545281132075472
60,1,4,1,0,6.56670000000003,10.8333,0,8,0,0.607142857142857
60,2,1,1,0,1.60000000000002,392.9154,0,668,0,0.586654872563718
60,2,2,1,0,2.98320000000001,44.0332000000001,0,77,0,0.539911842105264
60,2,3,1,0,2.51659999999993,15.6333,0,35,0,0.38529411764706
60,2,4,1,0,3.83350000000007,488.0816,0,800,0,0.606047684605757
60,2,5,1,0,3.86599999999999,280.749,0,459,0,0.604510917030568
60,3,1,1,0,2.48299999999995,124.716,0,223,0,0.550522522522523
60,3,2,1,0,3.2170000000001,385.666,0,545,0,0.71280330882353
60,3,3,1,0,1.35099999999966,368.883,0,611,0,0.602483606557378
61,1,1,1,0,14.86663,93.33307,0,85,0,0.933926666666667
61,1,2,1,0,6.2167,211.5828,0,382,0,0.538974803149606
61,1,3,1,0,7.24989999999997,58.2665,0,84,0,0.614456626506024
61,1,4,1,0,7.18349999999998,132.6331,0,204,0,0.617896059113301
61,2,1,1,1,1.61670000000004,1228.0462,0,1823,0,0.673113336992316
61,2,2,1,0,3.9670000000001,58.45,0,81,0,0.680824999999999
61,2,3,1,0,2.66699999999992,18.317,0,29,0,0.55832142857143
61,2,4,1,0,10.6000000000001,173.533,0,212,0,0.772118483412322
61,2,5,1,0,27.6500000000001,45.0499999999997,0,25,0,0.724333333333334
61,3,1,1,0,17.384,117.833,0,132,0,0.76665648854962
61,3,2,1,0,9.55000000000018,350.465,0,498,0,0.685911468812878
61,3,3,1,0,15.3160000000003,311.932,0,391,0,0.760510256410256
62,1,1,1,0,10.58346,25.74997,0,26,0,0.605994
62,1,2,1,0,7.4666,93.5998,0,196,0,0.44162358974359
62,1,3,1,0,12.1666,21.9499,0,30,0,0.336779310344827
62,1,4,1,0,7.3999,18.5499,0,28,0,0.412344444444444
62,2,1,1,0,4.28330000000003,558.6983,0,656,0,0.846409618320611
62,2,2,1,0,13.4996,41.3161,0,44,0,0.646509302325584
62,2,3,1,0,5.01670000000001,30.8996000000001,0,32,0,0.834393548387098
62,2,4,1,0,17.2666999999999,310.7823,0,295,0,0.998297959183674
62,2,5,1,0,21.4659999999999,37.433,0,26,0,0.638000000000002
62,3,1,1,0,51.5,210.416,0,143,0,1.11901408450704
62,3,2,1,0,17.3670000000002,461.549,0,595,0,0.747752525252525
62,3,3,0,0,16.433,1130.208984375,0,939,0,1.18487526652452
63,1,1,1,0,6.19995,17.44984,0,24,0,0.488401739130435
63,1,2,1,0,8.03343000000001,63.59983,0,131,0,0.427305384615385
63,1,3,1,0,4.98329999999999,18.85,0,28,0,0.51295925925926
63,1,4,1,0,3.0668,9.15000000000001,0,15,0,0.433328571428571
63,2,1,1,0,5.63329999999999,372.0656,0,629,0,0.583464331210191
63,2,2,1,0,3.91679999999997,24.2168,0,48,0,0.431559574468086
63,2,3,1,0,5.61660000000006,27.2332,0,54,0,0.407547169811321
63,2,4,1,1,9.23329999999999,773.1648,0,1076,0,0.710618139534884
63,2,5,1,0,8.33300000000008,31.9829999999999,0,41,0,0.59085
63,3,1,1,0,3.28400000000011,93.4000000000001,0,169,0,0.536303571428571
63,3,2,1,0,2.79999999999995,336.166,0,628,0,0.531657097288676
63,3,3,0,0,7.33300000000008,1372.50378417969,0,1109,0,1.23039620938628
64,1,1,1,0,11.40002,16.06672,0,6,0,0.929999999999998
64,1,2,1,1,6.0334,329.9823,0,696,0,0.46608964028777
64,1,3,1,0,6.88319999999999,23.3165,0,33,0,0.513018750000001
64,1,4,1,0,11.3833,12.6667,0,6,0,0.253340000000003
64,2,1,1,0,8.36669999999998,252.2159,0,376,0,0.650220266666667
64,2,2,1,0,7.48339999999996,38.0665,0,72,0,0.430512676056339
64,2,3,1,0,4.80000000000007,24.1,0,46,0,0.428517777777776
64,2,4,1,0,14.1832999999999,428.8479,0,644,0,0.6492466562986
64,2,5,1,0,10.616,136.066,0,175,0,0.720879310344828
64,3,1,1,0,16.5,136.816,0,141,0,0.859278571428571
64,3,2,1,0,9.03399999999988,51.384,0,68,0,0.631835820895524
64,3,3,1,0,5.25,377.782,0,422,0,0.884836104513064
