Count,TimeFromLaunch,Chapter,Level,Control,Operation,NumOfCommands
1,17.66716,-1,-1,Login,None,-1
2,65.08382,0,0,Start,None,-1
3,116.067,0,0,None,Right,1
4,117.9003,0,0,None,Left,1
5,118.4336,0,0,None,Right,1
6,118.8502,0,0,None,Left,1
7,135.517,0,0,None,Right,1
8,135.8169,0,0,None,Right,1
9,136.2169,0,0,None,Right,2
10,137.8669,0,0,None,Up,0
11,139.0836,0,0,None,Right,2
12,139.717,0,0,None,Up,1
13,140.2169,0,0,None,Right,1
14,140.6003,0,0,None,Right,1
15,141.0336,0,0,None,Down,1
16,141.0502,0,0,Success,None,-1
17,145.9836,0,1,Start,None,-1
18,162.267,0,1,None,Right,1
19,162.5336,0,1,None,Right,1
20,167.3504,0,1,None,Down,1
21,167.7503,0,1,None,Down,0
22,168.3004,0,1,None,Down,0
23,170.367,0,1,None,Up,1
24,170.617,0,1,None,Up,1
25,171.5836,0,1,None,Down,1
26,172.267,0,1,None,Right,1
27,174.1837,0,1,None,Right,1
28,177.2836,0,1,None,Down,1
29,177.5336,0,1,None,Down,0
30,178.5003,0,1,None,Left,1
31,179.4336,0,1,None,Up,1
32,179.9669,0,1,None,Up,1
33,180.6002,0,1,None,Right,1
34,181.7003,0,1,None,Right,1
35,182.2336,0,1,None,Left,1
36,183.1336,0,1,None,Down,1
37,186.8501,0,1,None,Right,1
38,187.1002,0,1,None,Right,1
39,188.4669,0,1,None,Down,1
40,188.7335,0,1,None,Down,0
41,189.717,0,1,None,Up,1
42,190.9669,0,1,None,Right,1
43,191.2502,0,1,None,Right,1
44,191.5835,0,1,None,Right,1
45,191.8504,0,1,None,Right,1
46,192.2835,0,1,None,Down,1
47,192.5335,0,1,None,Down,1
48,192.7836,0,1,None,Down,1
49,193.0502,0,1,None,Down,1
50,193.6002,0,1,None,Left,1
51,193.8503,0,1,None,Left,1
52,194.5002,0,1,None,Left,1
53,195.0501,0,1,None,Up,1
54,196.3001,0,1,None,Right,2
55,198.4169,0,1,None,Right,2
56,199.3668,0,1,None,Down,1
57,200.0168,0,1,None,Right,1
58,200.8335,0,1,None,Up,2
59,201.1668,0,1,None,Up,2
60,201.4169,0,1,None,Up,2
61,206.7169,0,1,None,Right,1
62,207.2669,0,1,None,Up,1
63,207.9169,0,1,None,Left,2
64,208.1835,0,1,None,Left,2
65,208.4336,0,1,None,Left,2
66,208.7336,0,1,None,Left,2
67,210.2003,0,1,None,Up,1
68,210.8502,0,1,None,Left,1
69,211.2168,0,1,None,Left,1
70,213.1002,0,1,None,Down,1
71,213.6502,0,1,None,Right,2
72,214.1669,0,1,None,Right,2
73,214.5169,0,1,None,Right,2
74,215.1335,0,1,None,Right,2
75,215.7668,0,1,None,Up,1
76,216.1004,0,1,None,Right,1
77,216.6169,0,1,None,Down,2
78,216.8669,0,1,None,Down,2
79,217.1172,0,1,None,Down,2
80,218.0668,0,1,None,Right,1
81,218.5501,0,1,None,Down,1
82,218.8668,0,1,None,Left,2
83,219.1169,0,1,None,Left,2
84,220.4169,0,1,None,Down,1
85,220.8002,0,1,None,Left,1
86,221.0502,0,1,None,Left,1
87,221.3168,0,1,None,Left,1
88,221.5668,0,1,None,Left,1
89,221.8168,0,1,None,Left,1
90,222.0668,0,1,None,Left,1
91,222.3168,0,1,None,Left,1
92,222.5668,0,1,None,Left,1
93,222.8335,0,1,None,Left,1
94,223.1502,0,1,None,Left,1
95,223.4002,0,1,None,Left,1
96,223.9335,0,1,None,Up,0
97,225.0835,0,1,None,Right,1
98,225.5502,0,1,None,Up,1
99,225.8668,0,1,None,Right,2
100,226.1168,0,1,None,Right,2
101,226.3835,0,1,None,Right,2
102,226.6335,0,1,None,Right,2
103,230.4669,0,1,None,Down,1
104,231.1335,0,1,None,Right,1
105,231.5334,0,1,None,Right,1
106,232.0668,0,1,None,Up,1
107,233.1503,0,1,None,Right,2
108,233.5002,0,1,None,Right,3
109,233.9001,0,1,None,Right,3
110,235.2001,0,1,None,Right,3
111,235.7168,0,1,None,Down,1
112,236.2834,0,1,None,Right,1
113,237.4168,0,1,None,Up,2
114,243.0668,0,1,Undo,None,2
115,243.4501,0,1,Undo,None,1
116,243.8335,0,1,Undo,None,1
117,244.1002,0,1,Undo,None,3
118,245.9001,0,1,None,Down,1
119,246.2334,0,1,None,Right,1
120,247.3501,0,1,None,Up,2
121,249.0668,0,1,None,Down,1
122,250.8501,0,1,None,Up,1
123,255.3668,0,1,None,Up,2
124,256.4001,0,1,None,Right,1
125,256.6667,0,1,None,Right,1
126,257.1001,0,1,None,Down,1
127,257.8001,0,1,None,Left,2
128,258.1168,0,1,None,Left,2
129,259.0002,0,1,None,Down,1
130,259.5668,0,1,None,Left,1
131,259.8334,0,1,None,Left,1
132,260.0834,0,1,None,Left,1
133,260.3501,0,1,None,Left,1
134,260.6001,0,1,None,Left,1
135,260.8501,0,1,None,Left,1
136,261.5167,0,1,None,Up,1
137,263.8834,0,1,None,Right,2
138,264.2002,0,1,None,Right,2
139,264.5501,0,1,None,Right,2
140,265.8167,0,1,None,Down,1
141,266.0667,0,1,None,Down,1
142,266.7501,0,1,None,Right,1
143,267.0001,0,1,None,Right,1
144,267.2667,0,1,None,Right,1
145,267.5333,0,1,None,Right,1
146,268.2168,0,1,None,Up,1
147,268.5501,0,1,None,Up,1
148,269.5833,0,1,None,Up,1
149,269.8667,0,1,None,Up,1
150,270.1168,0,1,None,Up,1
151,270.6168,0,1,None,Left,1
152,270.9001,0,1,None,Left,1
153,272.0167,0,1,None,Down,1
154,272.2667,0,1,None,Down,0
155,277.0501,0,1,None,Right,2
156,277.3001,0,1,None,Right,2
157,277.8667,0,1,None,Up,1
158,280.7167,0,1,Undo,None,1
159,281.7833,0,1,Undo,None,2
160,282.9501,0,1,None,Up,1
161,283.7834,0,1,None,Right,1
162,284.1001,0,1,None,Down,2
163,284.3667,0,1,None,Down,2
164,284.6334,0,1,None,Down,2
165,285.3667,0,1,None,Right,1
166,285.7334,0,1,None,Down,1
167,286.55,0,1,None,Left,2
168,286.8,0,1,None,Left,2
169,287.05,0,1,None,Left,2
170,287.3,0,1,None,Left,2
171,288.0001,0,1,None,Down,1
172,288.3167,0,1,None,Left,1
173,288.8001,0,1,None,Up,2
174,301.8501,0,1,None,Right,1
175,303.0667,0,1,None,Right,1
176,303.3167,0,1,None,Right,1
177,304.1667,0,1,None,Left,1
178,304.45,0,1,None,Left,1
179,304.7001,0,1,None,Left,1
180,304.9667,0,1,None,Left,1
181,305.6167,0,1,None,Up,1
182,306.5167,0,1,None,Right,4
183,306.8167,0,1,None,Right,4
184,309.2002,0,1,None,Down,1
185,309.5333,0,1,None,Down,1
186,309.7833,0,1,None,Down,1
187,310.0333,0,1,None,Right,1
188,310.2833,0,1,None,Right,1
189,310.55,0,1,None,Right,1
190,310.8167,0,1,None,Right,1
191,311.35,0,1,None,Right,0
192,312.25,0,1,None,Up,1
193,312.5,0,1,None,Up,1
194,312.7667,0,1,None,Up,1
195,313.0333,0,1,None,Up,1
196,313.5999,0,1,None,Left,1
197,313.9667,0,1,None,Left,1
198,314.3499,0,1,None,Down,2
199,314.6667,0,1,None,Down,2
200,315.2666,0,1,None,Right,1
201,316.2,0,1,None,Down,1
202,316.4999,0,1,None,Left,2
203,316.9167,0,1,None,Left,2
204,317.1833,0,1,None,Left,2
205,317.45,0,1,None,Left,2
206,317.75,0,1,None,Left,2
207,318.0167,0,1,None,Left,2
208,318.3167,0,1,None,Left,2
209,318.5667,0,1,None,Left,2
210,318.8167,0,1,None,Left,2
211,319.5,0,1,None,Left,2
212,320.2667,0,1,None,Down,1
213,320.6833,0,1,None,Left,1
214,321.15,0,1,None,Up,2
215,321.6666,0,1,None,Up,2
216,322.5666,0,1,None,Right,1
217,322.8166,0,1,None,Right,1
218,323.0833,0,1,None,Right,1
219,323.3833,0,1,None,Right,1
220,323.6334,0,1,None,Right,1
221,323.9,0,1,None,Right,1
222,324.1833,0,1,None,Right,1
223,324.4333,0,1,None,Right,1
224,324.6833,0,1,None,Right,1
225,324.9333,0,1,None,Right,1
226,325.6166,0,1,None,Up,1
227,326.2167,0,1,None,Left,2
228,326.4832,0,1,None,Left,2
229,326.7332,0,1,None,Left,2
230,326.9833,0,1,None,Left,2
231,327.2501,0,1,None,Left,2
232,327.5166,0,1,None,Left,2
233,327.7832,0,1,None,Left,2
234,328.0333,0,1,None,Left,2
235,329.6,0,1,None,Right,1
236,329.8666,0,1,None,Right,1
237,330.1166,0,1,None,Right,1
238,330.3666,0,1,None,Right,1
239,330.6167,0,1,None,Right,1
240,330.8832,0,1,None,Right,1
241,331.2332,0,1,None,Right,1
242,331.6666,0,1,None,Right,1
243,332.3166,0,1,None,Up,1
244,333.0502,0,1,None,Up,1
245,333.6999,0,1,None,Left,1
246,333.95,0,1,None,Left,1
247,334.2166,0,1,None,Left,1
248,334.4666,0,1,None,Left,1
249,334.7166,0,1,None,Left,1
250,334.9666,0,1,None,Left,1
251,334.9833,0,1,Success,None,-1
252,338.6999,0,2,Start,None,-1
253,343.5666,0,2,None,Down,1
254,343.8332,0,2,None,Down,0
255,344.4332,0,2,None,Up,1
256,344.9832,0,2,None,Up,1
257,349.0165,0,2,None,Right,1
258,349.3166,0,2,None,Right,1
259,349.6331,0,2,None,Right,2
260,349.8998,0,2,Defeat,None,-1
261,351.5332,0,2,Restart,None,-1
262,362.2831,0,2,None,Left,1
263,363.6166,0,2,None,Left,2
264,363.8832,0,2,None,Left,2
265,365.9832,0,2,None,Down,1
266,366.5166,0,2,None,Down,1
267,366.8998,0,2,None,Down,1
268,367.1498,0,2,None,Down,1
269,367.3998,0,2,None,Down,1
270,367.8999,0,2,None,Right,1
271,368.1499,0,2,None,Right,1
272,368.3999,0,2,None,Right,1
273,368.6499,0,2,None,Right,1
274,368.9166,0,2,None,Right,1
275,369.1666,0,2,None,Right,1
276,369.4332,0,2,None,Right,1
277,369.6832,0,2,None,Right,1
278,369.9498,0,2,None,Right,1
279,370.1999,0,2,None,Right,1
280,370.4665,0,2,None,Right,1
281,370.7165,0,2,None,Right,1
282,370.9665,0,2,None,Right,1
283,371.2332,0,2,None,Right,1
284,372.0665,0,2,None,Up,1
285,372.3331,0,2,None,Up,1
286,372.5831,0,2,None,Up,1
287,372.8332,0,2,None,Up,1
288,373.0833,0,2,None,Up,1
289,373.4998,0,2,None,Left,1
290,373.7665,0,2,None,Left,1
291,374.0331,0,2,None,Left,1
292,374.2832,0,2,None,Left,1
293,374.5998,0,2,None,Left,1
294,374.6165,0,2,Success,None,-1
295,377.6165,0,3,Start,None,-1
296,389.4499,0,3,None,Left,1
297,392.2998,0,3,None,Right,1
298,392.6998,0,3,None,Right,1
299,394.0164,0,3,None,Up,1
300,394.8664,0,3,None,Right,1
301,395.433,0,3,None,Right,2
302,395.8498,0,3,None,Right,2
303,396.1998,0,3,None,Right,2
304,396.5331,0,3,None,Right,2
305,396.7831,0,3,None,Right,2
306,397.9498,0,3,None,Left,1
307,399.4664,0,3,None,Down,1
308,399.4831,0,3,Success,None,-1
309,414.533,1,0,Start,None,-1
310,435.5998,1,0,None,Left,1
311,437.5164,1,0,None,Right,1
312,438.3163,1,0,None,Left,1
313,440.933,1,0,None,Up,1
314,441.7997,1,0,None,Up,1
315,442.1664,1,0,None,Up,2
316,442.4329,1,0,Defeat,None,-1
317,443.9996,1,0,Restart,None,-1
318,445.2663,1,0,None,Right,1
319,446.3164,1,0,None,Up,1
320,446.6497,1,0,None,Up,1
321,446.933,1,0,None,Up,1
322,447.3495,1,0,None,Up,1
323,448.0163,1,0,None,Left,1
324,448.283,1,0,None,Left,1
325,449.3497,1,0,None,Down,2
326,449.6163,1,0,Defeat,None,-1
327,450.8496,1,0,Restart,None,-1
328,452.1329,1,0,None,Up,1
329,452.3829,1,0,None,Up,1
330,453.4663,1,0,None,Down,1
331,454.9497,1,0,None,Right,1
332,455.983,1,0,None,Up,1
333,456.3996,1,0,None,Up,1
334,457.8663,1,0,None,Right,1
335,458.133,1,0,None,Right,1
336,458.3997,1,0,None,Right,1
337,458.6996,1,0,None,Right,1
338,459.0163,1,0,None,Right,1
339,459.2997,1,0,None,Right,1
340,462.9497,1,0,None,Down,1
341,465.5497,1,0,None,Up,1
342,466.6996,1,0,None,Left,1
343,466.9663,1,0,None,Left,1
344,468.2497,1,0,None,Left,1
345,468.7496,1,0,None,Left,1
346,469.8329,1,0,None,Left,1
347,475.3829,1,0,None,Down,1
348,477.983,1,0,None,Down,1
349,478.5163,1,0,None,Right,1
350,479.4163,1,0,None,Right,1
351,480.2829,1,0,None,Down,1
352,482.5829,1,0,None,Right,1
353,485.3163,1,0,None,Left,1
354,485.5829,1,0,None,Left,0
355,486.3663,1,0,None,Down,1
356,486.9996,1,0,None,Right,2
357,488.1996,1,0,None,Right,3
358,490.0163,1,0,None,Up,0
359,490.2663,1,0,None,Up,0
360,491.0495,1,0,None,Left,1
361,491.3162,1,0,None,Left,1
362,493.8163,1,0,None,Right,1
363,495.1495,1,0,None,Up,1
364,495.3996,1,0,None,Up,0
365,495.8328,1,0,None,Left,1
366,496.3329,1,0,None,Up,1
367,496.9662,1,0,None,Left,1
368,497.4496,1,0,None,Left,1
369,497.6996,1,0,None,Left,1
370,497.9496,1,0,None,Left,1
371,498.2162,1,0,None,Left,1
372,498.4663,1,0,None,Left,1
373,499.2162,1,0,None,Up,1
374,499.4829,1,0,None,Up,2
375,499.7496,1,0,Defeat,None,-1
376,501.4662,1,0,Undo,None,-1
377,502.5662,1,0,None,Up,2
378,502.8328,1,0,Defeat,None,-1
379,503.7829,1,0,Restart,None,-1
380,509.4496,1,0,None,Down,1
381,509.6996,1,0,None,Down,1
382,509.9496,1,0,None,Down,1
383,510.2495,1,0,None,Down,1
384,510.7995,1,0,None,Down,1
385,511.8496,1,0,None,Up,1
386,512.1829,1,0,None,Up,1
387,512.8328,1,0,None,Down,1
388,513.0829,1,0,None,Down,1
389,513.7162,1,0,None,Right,1
390,513.9662,1,0,None,Right,1
391,514.2662,1,0,None,Right,1
392,514.5162,1,0,None,Right,1
393,514.7828,1,0,None,Right,1
394,515.0328,1,0,None,Right,1
395,515.2828,1,0,None,Right,1
396,515.5328,1,0,None,Right,1
397,516.0329,1,0,None,Up,1
398,516.6495,1,0,None,Up,1
399,517.1495,1,0,None,Up,1
400,519.4662,1,0,None,Up,1
401,519.7996,1,0,None,Up,1
402,520.0662,1,0,None,Up,1
403,520.3661,1,0,None,Up,1
404,520.7161,1,0,None,Up,1
405,523.5162,1,0,None,Left,1
406,523.7662,1,0,None,Left,1
407,525.0494,1,0,None,Right,1
408,525.8661,1,0,None,Right,1
409,526.2496,1,0,None,Right,1
410,527.1161,1,0,None,Down,1
411,527.4495,1,0,None,Down,1
412,527.7162,1,0,None,Down,1
413,527.9827,1,0,None,Down,1
414,528.2328,1,0,None,Down,1
415,529.3328,1,0,None,Left,1
416,530.5162,1,0,None,Left,1
417,531.8995,1,0,None,Down,1
418,532.5662,1,0,None,Left,1
419,533.5328,1,0,None,Left,1
420,534.4995,1,0,None,Up,1
421,535.4995,1,0,None,Left,1
422,537.0496,1,0,None,Up,1
423,538.7328,1,0,None,Right,2
424,539.0662,1,0,None,Right,3
425,539.4661,1,0,None,Right,3
426,541.0995,1,0,None,Up,1
427,542.0328,1,0,None,Down,1
428,542.9995,1,0,None,Down,1
429,543.3661,1,0,None,Right,1
430,544.0162,1,0,None,Up,2
431,544.2827,1,0,None,Up,2
432,544.5327,1,0,None,Up,2
433,544.9161,1,0,None,Up,2
434,545.3495,1,0,None,Right,1
435,546.0828,1,0,None,Right,1
436,546.3995,1,0,None,Up,1
437,547.3661,1,0,None,Left,1
438,547.6161,1,0,None,Left,2
439,547.8827,1,0,None,Left,2
440,549.0994,1,0,None,Up,1
441,549.816,1,0,None,Right,1
442,550.4661,1,0,None,Down,1
443,550.7161,1,0,None,Down,1
444,553.2661,1,0,None,Right,1
445,553.9827,1,0,None,Right,1
446,554.2327,1,0,None,Right,1
447,554.9661,1,0,None,Down,1
448,555.866,1,0,None,Down,1
449,556.1328,1,0,None,Down,1
450,556.3828,1,0,None,Down,1
451,556.8661,1,0,None,Left,1
452,557.2495,1,0,None,Left,1
453,557.8494,1,0,None,Up,2
454,558.166,1,0,None,Up,2
455,558.4495,1,0,None,Up,2
456,559.3328,1,0,None,Up,2
457,559.7327,1,0,None,Up,2
458,560.3827,1,0,None,Right,1
459,560.8494,1,0,None,Up,1
460,561.0994,1,0,None,Up,1
461,562.2994,1,0,None,Down,1
462,562.8161,1,0,None,Left,2
463,563.1161,1,0,None,Left,2
464,563.3661,1,0,None,Left,2
465,563.7495,1,0,None,Left,2
466,564.0661,1,0,None,Left,2
467,564.4661,1,0,None,Left,2
468,565.0494,1,0,None,Down,1
469,566.2661,1,0,None,Up,1
470,566.8494,1,0,None,Left,2
471,568.2493,1,0,None,Left,2
472,568.6495,1,0,None,Left,2
473,569.0494,1,0,None,Left,2
474,573.5327,1,0,None,Up,1
475,574.0661,1,0,None,Left,1
476,574.366,1,0,None,Left,1
477,575.0827,1,0,None,Down,1
478,575.4494,1,0,None,Right,2
479,576.066,1,0,None,Up,1
480,576.4827,1,0,None,Right,1
481,577.2494,1,0,None,Down,3
482,577.4995,1,0,Defeat,None,-1
483,582.9661,1,0,Restart,None,-1
484,584.916,1,0,None,Down,1
485,585.1661,1,0,None,Down,1
486,586.3326,1,0,None,Up,1
487,586.5993,1,0,None,Up,1
488,586.8659,1,0,None,Up,1
489,587.1494,1,0,None,Right,1
490,587.3994,1,0,None,Right,1
491,587.7993,1,0,None,Up,1
492,588.466,1,0,None,Down,1
493,588.916,1,0,None,Right,1
494,589.4995,1,0,None,Right,1
495,592.6827,1,0,None,Down,1
496,592.9493,1,0,None,Down,1
497,600.8993,1,0,None,Up,1
498,601.9827,1,0,None,Right,1
499,602.566,1,0,None,Up,0
500,603.7493,1,0,None,Down,2
501,606.4993,1,0,None,Left,1
502,609.1327,1,0,None,Right,1
503,609.6493,1,0,None,Down,2
504,609.9159,1,0,None,Down,2
505,610.416,1,0,None,Down,2
506,611.0493,1,0,None,Left,1
507,611.4159,1,0,None,Down,1
508,611.7493,1,0,None,Right,2
509,612.1659,1,0,None,Right,2
510,612.416,1,0,None,Right,2
511,612.666,1,0,None,Right,2
512,612.9326,1,0,None,Right,2
513,613.2159,1,0,None,Up,1
514,614.0326,1,0,None,Down,1
515,614.5493,1,0,None,Right,2
516,615.6326,1,0,None,Down,1
517,615.8993,1,0,None,Right,1
518,616.2493,1,0,None,Up,2
519,616.4993,1,0,None,Up,2
520,616.7493,1,0,None,Up,2
521,617.0159,1,0,None,Up,2
522,617.2659,1,0,None,Up,2
523,617.5159,1,0,None,Up,2
524,617.7659,1,0,None,Up,2
525,618.0326,1,0,None,Up,2
526,618.6326,1,0,None,Right,1
527,619.0493,1,0,None,Up,1
528,620.0993,1,0,None,Left,2
529,620.3659,1,0,None,Left,2
530,620.6159,1,0,None,Left,2
531,620.8659,1,0,None,Left,2
532,621.2993,1,0,None,Left,2
533,622.9326,1,0,None,Left,2
534,624.2659,1,0,None,Up,1
535,624.7325,1,0,None,Left,1
536,625.1159,1,0,None,Left,1
537,625.5493,1,0,None,Down,1
538,625.8993,1,0,None,Right,2
539,626.1493,1,0,None,Right,2
540,627.5326,1,0,None,Down,1
541,627.7826,1,0,None,Right,1
542,628.0992,1,0,None,Right,1
543,628.6992,1,0,None,Up,1
544,629.6326,1,0,None,Left,2
545,630.1992,1,0,None,Down,1
546,630.7659,1,0,None,Right,1
547,631.3159,1,0,None,Right,1
548,632.0493,1,0,None,Down,1
549,632.2993,1,0,None,Down,1
550,632.7159,1,0,None,Down,1
551,632.9659,1,0,None,Down,1
552,633.3326,1,0,None,Down,1
553,634.0992,1,0,None,Left,1
554,634.3492,1,0,None,Left,1
555,634.5992,1,0,None,Left,1
556,634.8492,1,0,None,Left,1
557,635.2159,1,0,None,Up,1
558,635.4659,1,0,None,Up,1
559,636.5159,1,0,None,Right,1
560,636.7659,1,0,None,Right,2
561,638.1992,1,0,None,Down,1
562,638.5992,1,0,None,Right,1
563,638.9493,1,0,None,Up,2
564,639.2159,1,0,None,Up,2
565,639.5659,1,0,None,Up,2
566,639.9825,1,0,None,Up,2
567,652.7492,1,0,None,Right,1
568,653.0157,1,0,None,Right,1
569,653.2659,1,0,None,Right,1
570,653.8158,1,0,None,Down,1
571,654.2325,1,0,None,Right,1
572,654.4825,1,0,None,Right,1
573,654.7325,1,0,None,Right,0
574,655.1658,1,0,None,Right,0
575,655.6492,1,0,None,Down,1
576,655.9658,1,0,None,Right,0
577,656.6158,1,0,None,Down,1
578,657.0825,1,0,None,Right,0
579,657.5659,1,0,None,Down,1
580,657.8991,1,0,None,Right,1
581,658.2325,1,0,None,Up,4
582,658.4825,1,0,None,Up,4
583,659.9991,1,0,None,Up,4
584,660.3492,1,0,None,Up,4
585,661.7992,1,0,None,Up,4
586,662.2825,1,0,None,Up,4
587,662.5325,1,0,None,Up,0
588,662.7825,1,0,None,Up,0
589,663.3492,1,0,None,Down,1
590,664.2992,1,0,None,Left,1
591,664.7658,1,0,None,Up,1
592,665.0325,1,0,None,Up,1
593,665.4825,1,0,None,Up,1
594,665.9324,1,0,None,Right,0
595,666.2492,1,0,None,Right,0
596,667.0159,1,0,None,Down,1
597,667.5991,1,0,None,Right,0
598,668.2992,1,0,None,Down,1
599,668.7492,1,0,None,Right,1
600,668.9992,1,0,None,Right,0
601,669.2658,1,0,None,Up,0
602,670.5658,1,0,None,Down,1
603,670.8158,1,0,None,Down,1
604,672.0157,1,0,None,Left,1
605,672.2658,1,0,None,Left,1
606,672.5158,1,0,None,Left,1
607,672.7991,1,0,None,Left,1
608,673.1658,1,0,None,Left,1
609,673.4158,1,0,None,Left,1
610,673.6658,1,0,None,Left,1
611,673.9158,1,0,None,Left,1
612,674.2158,1,0,None,Left,1
613,675.1992,1,0,None,Right,1
614,675.6658,1,0,None,Up,2
615,675.9658,1,0,None,Up,2
616,676.4158,1,0,None,Down,1
617,677.2658,1,0,None,Left,1
618,677.5992,1,0,None,Up,1
619,677.8824,1,0,None,Up,1
620,678.1324,1,0,None,Up,1
621,678.9824,1,0,None,Down,1
622,679.2493,1,0,None,Right,2
623,679.5157,1,0,None,Right,2
624,679.8492,1,0,None,Right,2
625,680.0992,1,0,None,Right,2
626,680.5158,1,0,None,Right,2
627,680.8991,1,0,None,Down,1
628,681.1991,1,0,None,Right,1
629,681.4825,1,0,None,Up,2
630,681.749,1,0,None,Up,2
631,682.1992,1,0,None,Down,1
632,683.1157,1,0,None,Left,1
633,683.3991,1,0,None,Up,1
634,683.6491,1,0,None,Up,1
635,684.0492,1,0,None,Right,2
636,684.3158,1,0,None,Right,2
637,684.6324,1,0,None,Right,0
638,685.2325,1,0,None,Right,0
639,685.5658,1,0,None,Right,0
640,687.0992,1,0,None,Down,1
641,687.4991,1,0,None,Right,1
642,687.7491,1,0,None,Right,0
643,688.2491,1,0,None,Right,0
644,688.8325,1,0,None,Down,1
645,689.4491,1,0,None,Right,0
646,690.2991,1,0,None,Down,1
647,690.9991,1,0,None,Right,1
648,691.4492,1,0,None,Up,0
649,691.7158,1,0,None,Up,0
650,691.9658,1,0,None,Up,0
651,692.2158,1,0,None,Up,0
652,695.4825,1,0,Undo,None,1
653,695.7491,1,0,Undo,None,1
654,696.0824,1,0,Undo,None,1
655,696.3324,1,0,Undo,None,1
656,698.0491,1,0,Undo,None,1
657,698.2991,1,0,Undo,None,2
658,698.6157,1,0,Undo,None,2
659,698.9658,1,0,Undo,None,1
660,699.2657,1,0,Undo,None,1
661,699.5157,1,0,Undo,None,1
662,699.7824,1,0,Undo,None,1
663,700.0324,1,0,Undo,None,2
664,700.2824,1,0,Undo,None,2
665,700.5324,1,0,Undo,None,1
666,700.7824,1,0,Undo,None,1
667,701.0324,1,0,Undo,None,2
668,701.2824,1,0,Undo,None,2
669,701.5324,1,0,Undo,None,2
670,701.7991,1,0,Undo,None,2
671,702.0491,1,0,Undo,None,2
672,702.2991,1,0,Undo,None,1
673,702.5491,1,0,Undo,None,1
674,702.8157,1,0,Undo,None,1
675,703.0657,1,0,Undo,None,1
676,703.3158,1,0,Undo,None,1
677,703.5825,1,0,Undo,None,1
678,703.8491,1,0,Undo,None,2
679,704.0991,1,0,Undo,None,2
680,704.4658,1,0,Undo,None,1
681,704.7158,1,0,Undo,None,1
682,704.9658,1,0,Undo,None,1
683,705.2158,1,0,Undo,None,1
684,705.5824,1,0,Undo,None,1
685,705.8324,1,0,Undo,None,1
686,706.0824,1,0,Undo,None,1
687,706.349,1,0,Undo,None,1
688,706.5991,1,0,Undo,None,1
689,706.8491,1,0,Undo,None,1
690,707.1157,1,0,Undo,None,1
691,707.3658,1,0,Undo,None,1
692,707.6324,1,0,Undo,None,1
693,707.8824,1,0,Undo,None,1
694,708.1324,1,0,Undo,None,1
695,708.3991,1,0,Undo,None,1
696,708.6491,1,0,Undo,None,1
697,708.8991,1,0,Undo,None,1
698,709.1491,1,0,Undo,None,1
699,709.4157,1,0,Undo,None,1
700,709.6657,1,0,Undo,None,4
701,709.9157,1,0,Undo,None,4
702,710.1824,1,0,Undo,None,4
703,710.4324,1,0,Undo,None,4
704,710.6824,1,0,Undo,None,4
705,711.2491,1,0,Undo,None,4
706,711.6824,1,0,Undo,None,1
707,721.9491,1,0,None,Left,1
708,722.1991,1,0,None,Left,1
709,722.4657,1,0,None,Left,1
710,722.7157,1,0,None,Left,1
711,722.9657,1,0,None,Left,1
712,723.5491,1,0,None,Down,1
713,723.8657,1,0,None,Down,1
714,724.2656,1,0,None,Left,1
715,724.5157,1,0,None,Left,1
716,724.7823,1,0,None,Left,1
717,725.0323,1,0,None,Left,1
718,725.2823,1,0,None,Left,1
719,725.5324,1,0,None,Left,1
720,725.7991,1,0,None,Left,1
721,726.0657,1,0,None,Left,1
722,726.3157,1,0,None,Left,1
723,726.5657,1,0,None,Left,1
724,727.5491,1,0,None,Up,1
725,727.7991,1,0,None,Up,1
726,728.0657,1,0,None,Up,1
727,728.449,1,0,None,Up,1
728,728.699,1,0,None,Up,1
729,728.949,1,0,None,Up,1
730,729.6824,1,0,None,Left,1
731,729.9324,1,0,None,Left,1
732,730.299,1,0,None,Up,1
733,730.549,1,0,None,Up,1
734,732.2823,1,0,None,Down,1
735,732.8657,1,0,None,Right,1
736,733.1323,1,0,None,Right,4
737,742.2822,1,0,None,Right,4
738,742.549,1,0,None,Right,4
739,742.799,1,0,None,Right,4
740,743.0656,1,0,None,Right,4
741,743.3322,1,0,None,Right,5
742,750.3489,1,0,None,Right,6
743,750.6155,1,0,None,Right,6
744,757.8156,1,0,Undo,None,6
745,758.0656,1,0,Undo,None,6
746,758.399,1,0,Undo,None,5
747,758.6656,1,0,Undo,None,4
748,759.0322,1,0,Undo,None,4
749,759.299,1,0,Undo,None,4
750,759.5656,1,0,Undo,None,4
751,759.9656,1,0,Undo,None,4
752,760.4656,1,0,Undo,None,1
753,760.8823,1,0,Undo,None,1
754,761.3322,1,0,Undo,None,1
755,761.699,1,0,Undo,None,1
756,762.0323,1,0,Undo,None,1
757,762.3323,1,0,Undo,None,1
758,762.5989,1,0,Undo,None,1
759,762.849,1,0,Undo,None,1
760,763.1155,1,0,Undo,None,1
761,763.3823,1,0,Undo,None,1
762,763.6823,1,0,Undo,None,1
763,763.9656,1,0,Undo,None,1
764,764.2489,1,0,Undo,None,1
765,764.5822,1,0,Undo,None,1
766,764.8489,1,0,Undo,None,1
767,765.0989,1,0,Undo,None,1
768,765.3489,1,0,Undo,None,1
769,765.5989,1,0,Undo,None,1
770,766.0156,1,0,Undo,None,1
771,766.2823,1,0,Undo,None,1
772,766.5489,1,0,Undo,None,1
773,766.8489,1,0,Undo,None,1
774,767.1155,1,0,Undo,None,1
775,767.4489,1,0,Undo,None,1
776,767.9989,1,0,Undo,None,1
777,768.299,1,0,Undo,None,1
778,768.5989,1,0,Undo,None,1
779,768.9155,1,0,Undo,None,1
780,769.249,1,0,Undo,None,1
781,769.5156,1,0,Undo,None,1
782,769.8489,1,0,Undo,None,1
783,770.1823,1,0,Undo,None,1
784,770.4822,1,0,Undo,None,1
785,770.7822,1,0,Undo,None,1
786,771.0322,1,0,Undo,None,1
787,771.3822,1,0,Undo,None,1
788,771.7156,1,0,Undo,None,1
789,772.1322,1,0,Undo,None,1
790,772.4822,1,0,Undo,None,2
791,772.7322,1,0,Undo,None,2
792,773.0156,1,0,Undo,None,2
793,783.0989,1,0,None,Up,2
794,783.4156,1,0,None,Up,2
795,783.9822,1,0,None,Up,2
796,785.4489,1,0,None,Left,1
797,785.8489,1,0,None,Up,1
798,787.1822,1,0,None,Up,1
799,787.4322,1,0,None,Up,1
800,788.1655,1,0,None,Down,1
801,788.4656,1,0,None,Down,1
802,788.7322,1,0,None,Down,1
803,789.2989,1,0,None,Up,1
804,790.7322,1,0,None,Left,2
805,791.4657,1,0,None,Left,2
806,791.7322,1,0,None,Left,2
807,791.9989,1,0,None,Left,2
808,792.2655,1,0,None,Left,2
809,792.5155,1,0,None,Left,5
810,792.7655,1,0,None,Left,5
811,794.3489,1,0,None,Up,1
812,794.9655,1,0,None,Left,1
813,795.2989,1,0,None,Left,1
814,797.6489,1,0,None,Right,1
815,798.7155,1,0,None,Right,1
816,799.1489,1,0,None,Down,1
817,799.4989,1,0,None,Down,1
818,800.0156,1,0,None,Left,1
819,800.4489,1,0,None,Up,2
820,801.1989,1,0,None,Right,1
821,801.8821,1,0,None,Up,1
822,803.0822,1,0,None,Right,1
823,803.3322,1,0,None,Right,1
824,803.5989,1,0,None,Right,1
825,803.8655,1,0,None,Right,1
826,804.1155,1,0,None,Right,1
827,804.3655,1,0,None,Down,1
828,804.6155,1,0,None,Down,1
829,805.0489,1,0,None,Right,1
830,805.2989,1,0,None,Right,1
831,805.8989,1,0,None,Right,1
832,806.5822,1,0,None,Up,2
833,806.8488,1,0,None,Up,2
834,807.5155,1,0,None,Up,2
835,808.0488,1,0,None,Right,1
836,808.6655,1,0,None,Up,1
837,809.1155,1,0,None,Left,2
838,809.3988,1,0,None,Left,2
839,809.6488,1,0,None,Left,2
840,809.9154,1,0,None,Left,2
841,810.1655,1,0,None,Left,2
842,810.4155,1,0,None,Left,2
843,810.6821,1,0,None,Left,2
844,810.9489,1,0,None,Left,2
845,811.4988,1,0,None,Left,2
846,812.7154,1,0,None,Down,1
847,813.1489,1,0,None,Down,1
848,813.6155,1,0,None,Left,2
849,816.7822,1,0,None,Left,2
850,817.2321,1,0,None,Left,2
851,817.7488,1,0,None,Down,2
852,817.9988,1,0,Defeat,None,-1
853,819.9655,1,0,Undo,None,-1
854,821.0654,1,0,None,Up,1
855,821.4988,1,0,None,Right,1
856,821.7488,1,0,None,Right,1
857,822.0154,1,0,None,Right,1
858,822.4489,1,0,None,Up,1
859,822.9988,1,0,None,Left,2
860,823.2488,1,0,None,Left,2
861,823.8488,1,0,None,Left,2
862,824.5488,1,0,None,Up,1
863,824.8821,1,0,None,Left,1
864,826.3988,1,0,None,Down,2
865,826.8488,1,0,None,Down,4
866,828.0822,1,0,None,Right,1
867,832.0154,1,0,None,Left,1
868,833.4488,1,0,None,Left,1
869,838.5654,1,0,None,Left,1
870,840.0154,1,0,None,Left,1
871,840.3988,1,0,None,Left,1
872,840.6654,1,0,None,Left,1
873,841.5988,1,0,None,Down,1
874,842.2488,1,0,None,Down,1
875,845.1987,1,0,None,Up,1
876,845.4654,1,0,None,Up,1
877,845.7154,1,0,None,Up,1
878,845.9655,1,0,None,Up,1
879,846.5988,1,0,None,Down,1
880,849.4988,1,0,None,Left,1
881,849.7988,1,0,None,Left,1
882,850.0488,1,0,None,Left,1
883,850.3154,1,0,None,Left,1
884,850.5654,1,0,None,Left,1
885,851.0153,1,0,None,Left,2
886,851.4488,1,0,None,Left,2
887,852.0988,1,0,None,Up,1
888,853.0154,1,0,None,Left,1
889,853.6154,1,0,None,Down,2
890,853.9487,1,0,None,Down,2
891,854.7654,1,0,None,Left,1
892,855.5486,1,0,None,Down,1
893,856.2987,1,0,None,Right,2
894,860.1487,1,0,None,Down,1
895,860.7988,1,0,None,Right,1
896,883.6487,1,0,None,Left,1
897,883.8987,1,0,None,Left,1
898,886.0987,1,0,None,Up,1
899,886.3487,1,0,None,Up,1
900,886.6154,1,0,None,Up,1
901,887.2653,1,0,None,Right,1
902,888.1819,1,0,None,Right,1
903,888.9987,1,0,None,Down,1
904,889.8652,1,0,None,Down,2
905,890.4152,1,0,None,Down,2
906,894.1819,1,0,Undo,None,2
907,894.4485,1,0,Undo,None,2
908,894.6985,1,0,Undo,None,1
909,894.9653,1,0,Undo,None,1
910,895.2153,1,0,Undo,None,1
911,895.632,1,0,Undo,None,1
912,895.8986,1,0,Undo,None,1
913,896.1486,1,0,Undo,None,1
914,896.4153,1,0,Undo,None,1
915,896.6819,1,0,Undo,None,1
916,896.9485,1,0,Undo,None,1
917,897.1985,1,0,Undo,None,1
918,897.4485,1,0,Undo,None,2
919,897.6985,1,0,Undo,None,1
920,897.9486,1,0,Undo,None,1
921,898.2153,1,0,Undo,None,2
922,898.4653,1,0,Undo,None,2
923,898.7153,1,0,Undo,None,1
924,898.9653,1,0,Undo,None,1
925,899.2319,1,0,Undo,None,2
926,899.4985,1,0,Undo,None,2
927,899.7487,1,0,Undo,None,1
928,899.9987,1,0,Undo,None,1
929,900.2487,1,0,Undo,None,1
930,900.4987,1,0,Undo,None,1
931,900.7651,1,0,Undo,None,1
932,901.0151,1,0,Undo,None,1
933,901.2653,1,0,Undo,None,1
934,901.5318,1,0,Undo,None,1
935,901.7819,1,0,Undo,None,1
936,902.0319,1,0,Undo,None,1
937,902.2819,1,0,Undo,None,1
938,902.532,1,0,Undo,None,1
939,902.7986,1,0,Undo,None,1
940,903.0486,1,0,Undo,None,1
941,903.2986,1,0,Undo,None,1
942,903.5652,1,0,Undo,None,1
943,903.8153,1,0,Undo,None,1
944,904.0819,1,0,Undo,None,1
945,904.3485,1,0,Undo,None,1
946,904.5985,1,0,Undo,None,4
947,904.8485,1,0,Undo,None,2
948,906.4819,1,0,None,Down,2
949,907.4653,1,0,None,Left,1
950,908.9985,1,0,None,Down,1
951,909.5153,1,0,None,Right,2
952,909.8153,1,0,None,Right,2
953,910.9153,1,0,None,Down,1
954,911.4653,1,0,None,Left,2
955,911.7319,1,0,None,Left,2
956,912.2153,1,0,None,Down,1
957,912.5652,1,0,None,Left,1
958,913.6152,1,0,None,Up,2
959,914.0985,1,0,None,Up,2
960,914.9819,1,0,None,Left,1
961,915.4484,1,0,None,Up,1
962,915.8652,1,0,None,Right,2
963,916.1153,1,0,None,Right,2
964,916.3818,1,0,None,Right,2
965,916.8152,1,0,None,Right,2
966,917.4319,1,0,None,Up,1
967,917.8318,1,0,None,Right,1
968,919.0652,1,0,None,Down,3
969,919.6152,1,0,None,Down,4
970,919.8818,1,0,Defeat,None,-1
971,928.4651,1,0,Undo,None,-1
972,931.6651,1,0,Undo,None,3
973,931.9152,1,0,Undo,None,1
974,932.4319,1,0,Undo,None,1
975,932.6819,1,0,Undo,None,2
976,933.0485,1,0,Undo,None,2
977,933.2985,1,0,Undo,None,2
978,933.6486,1,0,Undo,None,2
979,933.8986,1,0,Undo,None,1
980,934.2485,1,0,Undo,None,1
981,934.4985,1,0,Undo,None,2
982,934.8652,1,0,Undo,None,2
983,935.1318,1,0,Undo,None,1
984,935.3819,1,0,Undo,None,1
985,935.6484,1,0,Undo,None,2
986,935.8985,1,0,Undo,None,2
987,936.2484,1,0,Undo,None,1
988,936.4984,1,0,Undo,None,2
989,936.7484,1,0,Undo,None,2
990,936.9985,1,0,Undo,None,1
991,937.2485,1,0,Undo,None,1
992,937.4985,1,0,Undo,None,2
993,937.7485,1,0,Undo,None,1
994,937.9985,1,0,Undo,None,1
995,938.2651,1,0,Undo,None,2
996,938.5152,1,0,Undo,None,2
997,938.7653,1,0,Undo,None,2
998,939.0318,1,0,Undo,None,1
999,939.2819,1,0,Undo,None,1
1000,939.5484,1,0,Undo,None,1
1001,939.7984,1,0,Undo,None,1
1002,940.4485,1,0,Undo,None,1
1003,940.7484,1,0,Undo,None,2
1004,942.0818,1,0,Redo,None,2
1005,943.2151,1,0,Redo,None,1
1006,943.5318,1,0,Redo,None,1
1007,943.8151,1,0,Redo,None,1
1008,944.0651,1,0,Redo,None,1
1009,944.3152,1,0,Redo,None,1
1010,944.5652,1,0,Redo,None,2
1011,944.8152,1,0,Redo,None,2
1012,946.0319,1,0,Undo,None,2
1013,946.2985,1,0,Undo,None,2
1014,946.5485,1,0,Undo,None,1
1015,946.7985,1,0,Undo,None,1
1016,947.0485,1,0,Undo,None,1
1017,947.2985,1,0,Undo,None,1
1018,947.5651,1,0,Undo,None,1
1019,947.8151,1,0,Undo,None,2
1020,948.0818,1,0,Undo,None,2
1021,948.3318,1,0,Undo,None,2
1022,948.5984,1,0,Undo,None,1
1023,948.8485,1,0,Undo,None,1
1024,949.1151,1,0,Undo,None,2
1025,949.3651,1,0,Undo,None,2
1026,949.6151,1,0,Undo,None,2
1027,949.8652,1,0,Undo,None,2
1028,950.1152,1,0,Undo,None,2
1029,950.3818,1,0,Undo,None,2
1030,950.6484,1,0,Undo,None,2
1031,950.8984,1,0,Undo,None,2
1032,951.165,1,0,Undo,None,2
1033,951.4152,1,0,Undo,None,1
1034,951.6818,1,0,Undo,None,1
1035,951.9318,1,0,Undo,None,2
1036,952.1984,1,0,Undo,None,2
1037,952.4485,1,0,Undo,None,2
1038,952.7151,1,0,Undo,None,1
1039,952.9653,1,0,Undo,None,1
1040,953.2319,1,0,Undo,None,1
1041,953.4984,1,0,Undo,None,1
1042,953.7484,1,0,Undo,None,1
1043,953.9985,1,0,Undo,None,1
1044,954.2485,1,0,Undo,None,1
1045,954.4985,1,0,Undo,None,1
1046,954.7651,1,0,Undo,None,1
1047,955.0151,1,0,Undo,None,1
1048,955.2651,1,0,Undo,None,1
1049,955.5152,1,0,Undo,None,1
1050,955.7817,1,0,Undo,None,2
1051,956.0318,1,0,Undo,None,1
1052,956.2818,1,0,Undo,None,1
1053,956.5483,1,0,Undo,None,1
1054,956.7985,1,0,Undo,None,1
1055,957.0485,1,0,Undo,None,1
1056,957.3152,1,0,Undo,None,1
1057,957.5818,1,0,Undo,None,1
1058,957.8318,1,0,Undo,None,1
1059,958.0818,1,0,Undo,None,5
1060,958.3318,1,0,Undo,None,5
1061,958.5818,1,0,Undo,None,2
1062,958.8484,1,0,Undo,None,2
1063,959.0984,1,0,Undo,None,2
1064,959.3651,1,0,Undo,None,2
1065,959.6151,1,0,Undo,None,2
1066,959.8651,1,0,Undo,None,1
1067,960.1151,1,0,Undo,None,1
1068,960.3652,1,0,Undo,None,1
1069,960.6318,1,0,Undo,None,1
1070,960.8818,1,0,Undo,None,1
1071,961.1484,1,0,Undo,None,1
1072,961.3984,1,0,Undo,None,1
1073,961.6484,1,0,Undo,None,1
1074,961.9151,1,0,Undo,None,2
1075,962.1651,1,0,Undo,None,2
1076,962.4152,1,0,Undo,None,2
1077,962.6817,1,0,Undo,None,2
1078,966.7484,1,0,None,Up,2
1079,967.0317,1,0,None,Up,2
1080,967.2818,1,0,None,Up,2
1081,968.0152,1,0,None,Up,2
1082,969.2985,1,0,None,Left,1
1083,969.8654,1,0,None,Left,1
1084,970.1318,1,0,None,Left,1
1085,970.3818,1,0,None,Left,0
1086,970.6318,1,0,None,Left,0
1087,971.6152,1,0,None,Right,1
1088,972.4651,1,0,None,Up,2
1089,973.0651,1,0,None,Up,2
1090,973.5984,1,0,None,Right,1
1091,973.8652,1,0,None,Right,1
1092,974.6152,1,0,None,Up,1
1093,975.0485,1,0,None,Left,1
1094,976.8652,1,0,None,Left,2
1095,977.3317,1,0,None,Left,2
1096,977.5818,1,0,None,Left,2
1097,977.8318,1,0,None,Left,2
1098,978.0818,1,0,None,Left,2
1099,978.3318,1,0,None,Left,2
1100,978.5984,1,0,None,Left,2
1101,979.9151,1,0,None,Left,2
1102,980.6818,1,0,None,Up,1
1103,981.7817,1,0,None,Down,1
1104,982.0317,1,0,None,Left,2
1105,982.7817,1,0,None,Up,1
1106,983.0817,1,0,None,Left,1
1107,983.4318,1,0,None,Down,2
1108,983.8817,1,0,None,Down,2
1109,984.2984,1,0,None,Left,1
1110,984.7817,1,0,None,Down,1
1111,985.1818,1,0,None,Right,5
1112,985.4318,1,0,None,Right,5
1113,985.6984,1,0,None,Right,5
1114,986.0984,1,0,None,Right,5
1115,986.3817,1,0,None,Right,5
1116,987.3651,1,0,None,Right,5
1117,987.6651,1,0,None,Right,5
1118,988.1151,1,0,None,Right,6
1119,989.7151,1,0,None,Right,6
1120,992.8317,1,0,None,Right,6
1121,1002.782,1,0,None,Down,1
1122,1003.132,1,0,None,Right,1
1123,1003.482,1,0,None,Right,1
1124,1003.815,1,0,None,Right,1
1125,1004.165,1,0,None,Right,1
1126,1004.482,1,0,None,Right,1
1127,1004.732,1,0,None,Right,1
1128,1005.498,1,0,None,Up,1
1129,1005.801,1,0,None,Left,6
1130,1006.816,1,0,None,Down,1
1131,1007.183,1,0,None,Left,1
1132,1007.449,1,0,None,Left,1
1133,1007.715,1,0,None,Left,1
1134,1008.148,1,0,None,Left,1
1135,1008.415,1,0,None,Left,1
1136,1008.665,1,0,None,Left,1
1137,1009.548,1,0,None,Right,1
1138,1009.815,1,0,None,Right,1
1139,1010.498,1,0,None,Left,1
1140,1011.382,1,0,None,Up,2
1141,1012.165,1,0,None,Left,1
1142,1012.582,1,0,None,Up,1
1143,1013.265,1,0,None,Right,2
1144,1014.365,1,0,EnableHint,None,-1
1145,1016.065,1,0,None,Up,1
1146,1016.815,1,0,None,Right,1
1147,1017.165,1,0,None,Right,1
1148,1017.532,1,0,None,Right,1
1149,1017.782,1,0,None,Right,1
1150,1018.032,1,0,None,Right,1
1151,1018.698,1,0,None,Left,1
1152,1018.965,1,0,None,Left,1
1153,1019.432,1,0,None,Right,1
1154,1019.682,1,0,None,Right,1
1155,1020.032,1,0,None,Down,1
1156,1020.282,1,0,None,Down,1
1157,1020.532,1,0,None,Down,1
1158,1020.848,1,0,None,Left,1
1159,1021.715,1,0,None,Up,2
1160,1021.982,1,0,None,Up,2
1161,1022.532,1,0,None,Right,1
1162,1023.098,1,0,None,Up,1
1163,1023.682,1,0,None,Left,2
1164,1023.948,1,0,None,Left,2
1165,1024.265,1,0,None,Left,2
1166,1024.898,1,0,None,Up,1
1167,1025.265,1,0,None,Left,1
1168,1026.065,1,0,None,Down,4
1169,1028.932,1,0,None,Left,1
1170,1044.132,1,0,None,Down,1
1171,1045.532,1,0,None,Right,2
1172,1046.398,1,0,None,Left,1
1173,1047.198,1,0,None,Up,1
1174,1047.665,1,0,None,Up,1
1175,1048.265,1,0,None,Right,2
1176,1048.798,1,0,None,Left,1
1177,1049.915,1,0,None,Up,1
1178,1050.281,1,0,None,Right,1
1179,1051.482,1,0,None,Left,1
1180,1051.732,1,0,None,Left,1
1181,1053.048,1,0,None,Right,1
1182,1053.748,1,0,None,Left,1
1183,1055.148,1,0,None,Down,1
1184,1055.498,1,0,None,Down,1
1185,1055.748,1,0,None,Down,1
1186,1056.398,1,0,None,Right,1
1187,1056.665,1,0,None,Right,1
1188,1056.915,1,0,None,Right,2
1189,1057.165,1,0,None,Right,2
1190,1058.265,1,0,None,Down,1
1191,1058.615,1,0,None,Right,1
1192,1059.115,1,0,None,Up,2
1193,1059.365,1,0,None,Up,2
1194,1059.881,1,0,None,Right,1
1195,1060.281,1,0,None,Up,1
1196,1060.965,1,0,None,Left,2
1197,1061.215,1,0,None,Left,3
1198,1062.165,1,0,None,Up,1
1199,1062.515,1,0,None,Left,1
1200,1062.765,1,0,None,Left,1
1201,1063.265,1,0,None,Left,1
1202,1063.815,1,0,None,Right,1
1203,1064.065,1,0,None,Right,1
1204,1064.515,1,0,None,Right,1
1205,1064.981,1,0,None,Down,1
1206,1065.298,1,0,None,Left,3
1207,1066.315,1,0,None,Left,3
1208,1067.248,1,0,None,Up,1
1209,1067.682,1,0,None,Left,1
1210,1067.932,1,0,None,Left,1
1211,1069.748,1,0,None,Down,2
1212,1070.148,1,0,None,Down,2
1213,1070.832,1,0,None,Left,1
1214,1071.148,1,0,None,Down,0
1215,1072.148,1,0,None,Right,1
1216,1072.665,1,0,None,Right,1
1217,1073.748,1,0,None,Down,1
1218,1076.498,1,0,Undo,None,1
1219,1077.015,1,0,Undo,None,1
1220,1077.298,1,0,Undo,None,1
1221,1077.548,1,0,Undo,None,1
1222,1077.798,1,0,Undo,None,2
1223,1081.148,1,0,None,Right,2
1224,1081.848,1,0,None,Right,2
1225,1082.482,1,0,None,Left,1
1226,1083.331,1,0,None,Down,1
1227,1084.615,1,0,None,Left,2
1228,1084.865,1,0,None,Left,2
1229,1085.148,1,0,None,Left,2
1230,1085.731,1,0,None,Up,1
1231,1085.998,1,0,None,Left,1
1232,1087.331,1,0,None,Down,2
1233,1087.582,1,0,None,Down,2
1234,1087.832,1,0,None,Down,2
1235,1088.098,1,0,None,Down,2
1236,1088.348,1,0,None,Down,2
1237,1088.598,1,0,None,Down,2
1238,1088.848,1,0,None,Down,2
1239,1089.215,1,0,None,Left,1
1240,1089.632,1,0,None,Down,1
1241,1090.015,1,0,None,Right,2
1242,1090.265,1,0,None,Right,2
1243,1090.515,1,0,None,Right,2
1244,1090.765,1,0,None,Right,2
1245,1091.015,1,0,None,Right,2
1246,1091.281,1,0,None,Right,2
1247,1091.915,1,0,None,Down,1
1248,1092.215,1,0,None,Right,1
1249,1092.631,1,0,None,Up,2
1250,1092.881,1,0,None,Up,2
1251,1093.131,1,0,None,Up,2
1252,1093.398,1,0,None,Up,2
1253,1093.648,1,0,None,Up,2
1254,1094.098,1,0,None,Up,2
1255,1094.615,1,0,None,Right,1
1256,1094.898,1,0,None,Right,1
1257,1095.415,1,0,None,Up,1
1258,1095.665,1,0,None,Up,1
1259,1095.998,1,0,None,Up,1
1260,1096.381,1,0,None,Up,1
1261,1096.665,1,0,None,Left,1
1262,1096.948,1,0,None,Left,1
1263,1097.198,1,0,None,Left,1
1264,1097.215,1,0,Success,None,-1
1265,1101.765,1,1,Start,None,-1
1266,1117.315,1,1,None,Left,1
1267,1119.798,1,1,None,Left,1
1268,1120.265,1,1,None,Left,2
1269,1121.965,1,1,None,Left,2
1270,1122.815,1,1,None,Left,2
1271,1123.165,1,1,None,Left,2
1272,1131.465,1,1,None,Up,1
1273,1131.715,1,1,None,Up,1
1274,1131.965,1,1,None,Up,1
1275,1132.215,1,1,None,Up,1
1276,1133.248,1,1,None,Right,1
1277,1133.765,1,1,None,Down,1
1278,1134.015,1,1,None,Down,1
1279,1134.481,1,1,None,Left,1
1280,1135.048,1,1,None,Left,1
1281,1135.365,1,1,None,Up,1
1282,1135.615,1,1,None,Up,1
1283,1135.865,1,1,None,Up,2
1284,1136.781,1,1,None,Left,1
1285,1137.281,1,1,None,Up,1
1286,1137.731,1,1,None,Right,2
1287,1137.981,1,1,None,Right,2
1288,1138.465,1,1,None,Right,2
1289,1139.098,1,1,None,Down,1
1290,1139.381,1,1,None,Right,1
1291,1139.698,1,1,None,Up,2
1292,1139.948,1,1,None,Up,2
1293,1140.215,1,1,None,Up,2
1294,1140.665,1,1,None,Right,1
1295,1141.198,1,1,None,Down,1
1296,1141.465,1,1,None,Right,1
1297,1141.715,1,1,None,Right,1
1298,1142.165,1,1,None,Down,1
1299,1142.448,1,1,None,Right,1
1300,1142.731,1,1,None,Up,2
1301,1142.981,1,1,None,Up,2
1302,1143.398,1,1,None,Right,1
1303,1143.665,1,1,None,Up,1
1304,1144.098,1,1,None,Left,2
1305,1144.398,1,1,None,Left,2
1306,1145.215,1,1,None,Down,1
1307,1145.465,1,1,None,Down,1
1308,1145.715,1,1,None,Down,1
1309,1146.015,1,1,None,Left,1
1310,1146.415,1,1,None,Left,1
1311,1147.098,1,1,None,Down,1
1312,1147.115,1,1,Success,None,-1
1313,1150.115,1,2,Start,None,-1
1314,1155.581,1,2,None,Left,1
1315,1156.815,1,2,None,Right,1
1316,1162.948,1,2,None,Left,1
1317,1164.198,1,2,None,Down,1
1318,1164.565,1,2,None,Down,0
1319,1165.165,1,2,None,Up,1
1320,1165.598,1,2,None,Left,1
1321,1166.265,1,2,None,Down,1
1322,1166.615,1,2,None,Left,1
1323,1166.915,1,2,None,Left,1
1324,1167.281,1,2,None,Left,1
1325,1167.665,1,2,None,Up,1
1326,1168.031,1,2,None,Right,2
1327,1168.365,1,2,None,Right,2
1328,1168.765,1,2,None,Right,2
1329,1169.448,1,2,None,Down,1
1330,1169.765,1,2,None,Right,1
1331,1170.548,1,2,None,Up,2
1332,1170.815,1,2,None,Up,2
1333,1171.098,1,2,None,Up,2
1334,1171.398,1,2,None,Up,2
1335,1171.915,1,2,None,Right,1
1336,1172.215,1,2,None,Down,1
1337,1172.465,1,2,None,Down,1
1338,1172.715,1,2,None,Right,1
1339,1172.965,1,2,None,Right,1
1340,1173.215,1,2,None,Right,1
1341,1173.865,1,2,None,Up,2
1342,1174.115,1,2,None,Up,2
1343,1174.448,1,2,None,Right,1
1344,1174.731,1,2,None,Up,1
1345,1175.415,1,2,None,Left,2
1346,1175.748,1,2,None,Left,2
1347,1175.765,1,2,Success,None,-1
1348,1179.815,1,3,Start,None,-1
1349,1205.081,1,3,None,Up,3
1350,1205.331,1,3,None,Up,6
1351,1205.581,1,3,None,Up,6
1352,1205.865,1,3,None,Up,6
1353,1206.165,1,3,None,Up,6
1354,1206.648,1,3,None,Up,6
1355,1207.715,1,3,None,Left,3
1356,1208.131,1,3,None,Up,3
1357,1210.448,1,3,None,Up,3
1358,1211.415,1,3,None,Right,4
1359,1215.081,1,3,None,Right,4
1360,1215.331,1,3,None,Right,4
1361,1215.581,1,3,None,Right,4
1362,1215.831,1,3,None,Right,4
1363,1216.081,1,3,None,Right,4
1364,1216.331,1,3,None,Right,4
1365,1216.898,1,3,None,Right,7
1366,1217.165,1,3,Defeat,None,-1
1367,1219.381,1,3,Undo,None,-1
1368,1220.398,1,3,None,Left,3
1369,1220.665,1,3,None,Left,3
1370,1221.198,1,3,None,Left,3
1371,1221.498,1,3,None,Left,3
1372,1221.998,1,3,None,Left,3
1373,1222.365,1,3,None,Left,3
1374,1223.048,1,3,None,Left,3
1375,1224.515,1,3,None,Down,3
1376,1225.015,1,3,None,Right,4
1377,1225.265,1,3,None,Right,4
1378,1226.631,1,3,None,Down,3
1379,1226.964,1,3,None,Right,3
1380,1227.281,1,3,None,Up,4
1381,1227.998,1,3,None,Left,3
1382,1228.248,1,3,None,Left,3
1383,1228.515,1,3,None,Left,3
1384,1228.848,1,3,None,Up,3
1385,1229.098,1,3,None,Up,3
1386,1229.515,1,3,None,Up,3
1387,1229.948,1,3,None,Right,3
1388,1230.415,1,3,None,Down,4
1389,1230.748,1,3,None,Left,3
1390,1231.681,1,3,None,Down,3
1391,1232.014,1,3,None,Right,4
1392,1232.265,1,3,None,Right,5
1393,1232.515,1,3,None,Right,5
1394,1232.898,1,3,None,Right,5
1395,1233.148,1,3,None,Right,5
1396,1233.398,1,3,None,Right,6
1397,1238.581,1,3,Undo,None,6
1398,1238.831,1,3,Undo,None,5
1399,1239.115,1,3,Undo,None,5
1400,1239.365,1,3,Undo,None,5
1401,1239.615,1,3,Undo,None,5
1402,1239.865,1,3,Undo,None,4
1403,1240.115,1,3,Undo,None,3
1404,1240.365,1,3,Undo,None,3
1405,1240.631,1,3,Undo,None,4
1406,1240.981,1,3,Undo,None,3
1407,1241.231,1,3,Undo,None,3
1408,1241.598,1,3,Undo,None,3
1409,1241.848,1,3,Undo,None,3
1410,1242.098,1,3,Undo,None,3
1411,1242.498,1,3,Undo,None,3
1412,1242.748,1,3,Undo,None,3
1413,1242.998,1,3,Undo,None,4
1414,1243.265,1,3,Undo,None,3
1415,1243.648,1,3,Undo,None,3
1416,1243.898,1,3,Undo,None,4
1417,1244.148,1,3,Undo,None,4
1418,1244.498,1,3,Undo,None,3
1419,1244.748,1,3,Undo,None,3
1420,1245.015,1,3,Undo,None,3
1421,1245.265,1,3,Undo,None,3
1422,1245.598,1,3,Undo,None,3
1423,1245.848,1,3,Undo,None,3
1424,1246.098,1,3,Undo,None,3
1425,1246.365,1,3,Undo,None,3
1426,1246.615,1,3,Undo,None,4
1427,1246.865,1,3,Undo,None,4
1428,1247.115,1,3,Undo,None,4
1429,1247.381,1,3,Undo,None,4
1430,1247.631,1,3,Undo,None,4
1431,1247.898,1,3,Undo,None,4
1432,1248.164,1,3,Undo,None,4
1433,1249.831,1,3,None,Down,3
1434,1250.181,1,3,None,Right,4
1435,1252.148,1,3,None,Right,4
1436,1252.764,1,3,None,Up,3
1437,1253.214,1,3,None,Right,3
1438,1254.865,1,3,None,Down,4
1439,1255.448,1,3,None,Left,3
1440,1255.698,1,3,None,Left,3
1441,1255.948,1,3,None,Left,3
1442,1256.498,1,3,None,Up,3
1443,1256.748,1,3,None,Up,3
1444,1257.164,1,3,None,Up,3
1445,1257.665,1,3,None,Right,3
1446,1258.798,1,3,None,Down,5
1447,1259.098,1,3,None,Down,5
1448,1259.948,1,3,None,Left,3
1449,1260.531,1,3,None,Down,3
1450,1261.098,1,3,None,Down,3
1451,1261.498,1,3,None,Right,4
1452,1262.064,1,3,None,Down,3
1453,1262.314,1,3,None,Down,3
1454,1262.898,1,3,None,Up,3
1455,1263.698,1,3,None,Up,3
1456,1264.098,1,3,None,Left,3
1457,1264.548,1,3,None,Up,3
1458,1264.964,1,3,None,Up,3
1459,1265.398,1,3,None,Right,3
1460,1265.731,1,3,None,Down,4
1461,1266.264,1,3,None,Left,3
1462,1266.614,1,3,None,Down,3
1463,1267.098,1,3,None,Right,6
1464,1267.348,1,3,None,Right,6
1465,1267.598,1,3,None,Right,6
1466,1267.914,1,3,None,Right,6
1467,1268.198,1,3,None,Right,6
1468,1268.448,1,3,None,Right,6
1469,1268.814,1,3,None,Right,7
1470,1270.014,1,3,None,Up,3
1471,1271.498,1,3,None,Right,3
1472,1271.948,1,3,None,Right,3
1473,1272.698,1,3,None,Up,3
1474,1273.014,1,3,None,Right,3
1475,1273.264,1,3,None,Right,3
1476,1273.598,1,3,None,Right,3
1477,1273.931,1,3,None,Right,3
1478,1274.248,1,3,None,Down,3
1479,1274.514,1,3,None,Down,3
1480,1274.764,1,3,None,Down,3
1481,1275.014,1,3,None,Down,3
1482,1275.264,1,3,None,Down,3
1483,1275.281,1,3,Success,None,-1
1484,1277.714,1,4,Start,None,-1
1485,1286.948,1,4,None,Down,1
1486,1287.314,1,4,None,Down,1
1487,1288.431,1,4,None,Down,1
1488,1289.864,1,4,None,Down,1
1489,1291.431,1,4,None,Down,1
1490,1292.348,1,4,None,Right,1
1491,1293.064,1,4,None,Right,1
1492,1293.531,1,4,None,Right,1
1493,1299.365,1,4,None,Left,1
1494,1300.248,1,4,None,Down,1
1495,1301.314,1,4,None,Down,1
1496,1301.714,1,4,None,Down,1
1497,1302.614,1,4,None,Right,1
1498,1302.898,1,4,None,Right,1
1499,1303.181,1,4,None,Right,1
1500,1303.964,1,4,None,Right,1
1501,1304.564,1,4,None,Up,2
1502,1305.064,1,4,None,Down,1
1503,1305.564,1,4,None,Down,1
1504,1305.964,1,4,None,Left,1
1505,1306.214,1,4,None,Left,1
1506,1306.514,1,4,None,Left,1
1507,1306.764,1,4,None,Left,1
1508,1307.098,1,4,None,Left,1
1509,1307.348,1,4,None,Left,1
1510,1307.931,1,4,None,Left,1
1511,1308.398,1,4,None,Left,1
1512,1308.831,1,4,None,Up,1
1513,1309.148,1,4,None,Up,1
1514,1310.764,1,4,None,Right,1
1515,1311.664,1,4,None,Down,1
1516,1311.914,1,4,None,Right,2
1517,1312.164,1,4,Defeat,None,-1
1518,1314.848,1,4,Undo,None,-1
1519,1316.348,1,4,None,Left,1
1520,1316.731,1,4,None,Down,1
1521,1317.348,1,4,None,Right,1
1522,1317.598,1,4,None,Right,1
1523,1317.931,1,4,None,Right,1
1524,1318.298,1,4,None,Right,1
1525,1319.664,1,4,None,Right,1
1526,1319.914,1,4,None,Right,1
1527,1320.498,1,4,None,Right,1
1528,1320.764,1,4,None,Right,1
1529,1321.431,1,4,None,Left,1
1530,1321.781,1,4,None,Left,1
1531,1322.764,1,4,None,Right,1
1532,1323.098,1,4,None,Right,1
1533,1324.414,1,4,None,Right,1
1534,1324.681,1,4,None,Right,1
1535,1325.198,1,4,None,Left,1
1536,1327.164,1,4,None,Up,1
1537,1327.414,1,4,None,Up,1
1538,1327.664,1,4,None,Right,1
1539,1328.298,1,4,None,Up,1
1540,1328.764,1,4,None,Up,1
1541,1329.414,1,4,None,Left,1
1542,1329.898,1,4,None,Left,1
1543,1330.264,1,4,None,Down,2
1544,1330.781,1,4,None,Down,2
1545,1331.398,1,4,None,Right,1
1546,1331.948,1,4,None,Down,1
1547,1332.498,1,4,None,Left,2
1548,1332.748,1,4,None,Left,2
1549,1332.998,1,4,None,Left,2
1550,1333.264,1,4,None,Left,2
1551,1333.681,1,4,None,Left,2
1552,1334.048,1,4,None,Left,3
1553,1334.298,1,4,Defeat,None,-1
1554,1339.381,1,4,Undo,None,-1
1555,1341.464,1,4,None,Down,1
1556,1342.131,1,4,None,Left,1
1557,1345.564,1,4,None,Up,2
1558,1345.814,1,4,None,Up,2
1559,1346.264,1,4,None,Up,2
1560,1346.564,1,4,None,Up,2
1561,1347.064,1,4,None,Up,2
1562,1347.314,1,4,None,Up,2
1563,1349.047,1,4,None,Right,1
1564,1349.481,1,4,None,Up,1
1565,1349.881,1,4,None,Left,2
1566,1350.131,1,4,None,Left,2
1567,1350.381,1,4,None,Left,2
1568,1350.631,1,4,None,Left,2
1569,1351.048,1,4,None,Left,0
1570,1352.064,1,4,None,Up,1
1571,1352.414,1,4,None,Left,1
1572,1352.797,1,4,None,Down,2
1573,1353.564,1,4,None,Down,2
1574,1353.814,1,4,None,Down,2
1575,1354.064,1,4,None,Down,2
1576,1354.398,1,4,None,Down,2
1577,1354.648,1,4,None,Down,2
1578,1354.998,1,4,None,Down,2
1579,1355.681,1,4,None,Right,1
1580,1355.948,1,4,None,Right,1
1581,1356.198,1,4,None,Right,2
1582,1356.448,1,4,Defeat,None,-1
1583,1358.064,1,4,Undo,None,-1
1584,1359.064,1,4,None,Down,1
1585,1359.464,1,4,None,Left,1
1586,1359.931,1,4,None,Up,1
1587,1360.298,1,4,None,Left,1
1588,1360.548,1,4,None,Left,1
1589,1360.948,1,4,None,Down,1
1590,1361.397,1,4,None,Right,2
1591,1361.647,1,4,None,Right,2
1592,1362.031,1,4,None,Right,2
1593,1362.281,1,4,None,Right,2
1594,1362.531,1,4,None,Right,2
1595,1362.781,1,4,None,Right,2
1596,1363.131,1,4,None,Right,2
1597,1363.698,1,4,None,Right,2
1598,1363.964,1,4,None,Right,2
1599,1365.448,1,4,None,Up,1
1600,1366.214,1,4,None,Up,2
1601,1366.498,1,4,None,Up,2
1602,1367.248,1,4,None,Up,2
1603,1368.381,1,4,None,Right,1
1604,1369.714,1,4,None,Down,1
1605,1370.198,1,4,None,Down,1
1606,1371.031,1,4,None,Left,1
1607,1371.281,1,4,None,Left,2
1608,1372.214,1,4,None,Right,1
1609,1372.481,1,4,None,Left,1
1610,1373.247,1,4,None,Down,1
1611,1373.564,1,4,None,Left,1
1612,1381.014,1,4,None,Up,2
1613,1389.347,1,4,Undo,None,2
1614,1389.598,1,4,Undo,None,1
1615,1389.848,1,4,Undo,None,1
1616,1390.197,1,4,Undo,None,1
1617,1390.448,1,4,Undo,None,1
1618,1390.714,1,4,Undo,None,2
1619,1390.964,1,4,Undo,None,1
1620,1391.214,1,4,Undo,None,1
1621,1391.464,1,4,Undo,None,1
1622,1391.714,1,4,Undo,None,1
1623,1391.981,1,4,Undo,None,2
1624,1392.231,1,4,Undo,None,2
1625,1393.398,1,4,None,Up,2
1626,1393.814,1,4,None,Left,1
1627,1395.231,1,4,None,Left,1
1628,1395.914,1,4,None,Down,1
1629,1396.181,1,4,None,Down,1
1630,1396.514,1,4,None,Down,1
1631,1396.997,1,4,None,Right,1
1632,1397.247,1,4,None,Right,1
1633,1397.581,1,4,None,Down,1
1634,1397.864,1,4,None,Right,1
1635,1398.297,1,4,None,Up,2
1636,1398.547,1,4,None,Up,2
1637,1399.514,1,4,None,Right,1
1638,1400.281,1,4,None,Left,1
1639,1400.598,1,4,None,Up,2
1640,1401.114,1,4,None,Right,1
1641,1401.897,1,4,None,Up,1
1642,1402.464,1,4,None,Left,2
1643,1403.114,1,4,None,Down,1
1644,1403.948,1,4,None,Down,1
1645,1404.497,1,4,None,Left,1
1646,1404.964,1,4,None,Left,1
1647,1405.414,1,4,None,Left,1
1648,1405.964,1,4,None,Up,1
1649,1406.597,1,4,None,Up,1
1650,1406.864,1,4,None,Up,1
1651,1407.114,1,4,None,Up,1
1652,1407.514,1,4,None,Left,1
1653,1407.764,1,4,None,Left,1
1654,1408.031,1,4,None,Left,1
1655,1408.281,1,4,None,Left,1
1656,1408.531,1,4,None,Left,1
1657,1408.781,1,4,None,Left,1
1658,1409.264,1,4,None,Up,1
1659,1409.581,1,4,None,Up,1
1660,1410.131,1,4,None,Left,0
1661,1411.631,1,4,None,Down,1
1662,1411.981,1,4,None,Down,1
1663,1412.314,1,4,None,Down,1
1664,1412.997,1,4,None,Up,1
1665,1413.247,1,4,None,Up,1
1666,1413.497,1,4,None,Up,1
1667,1413.764,1,4,None,Up,1
1668,1414.014,1,4,None,Right,1
1669,1414.264,1,4,None,Right,1
1670,1414.531,1,4,None,Right,1
1671,1414.781,1,4,None,Right,1
1672,1415.031,1,4,None,Right,1
1673,1415.297,1,4,None,Right,1
1674,1415.631,1,4,None,Right,2
1675,1415.881,1,4,Defeat,None,-1
1676,1418.014,1,4,Restart,None,-1
1677,1422.231,1,4,None,Down,1
1678,1422.481,1,4,None,Down,1
1679,1423.164,1,4,None,Down,1
1680,1423.414,1,4,None,Down,1
1681,1423.781,1,4,None,Down,1
1682,1424.131,1,4,None,Down,4
1683,1425.297,1,4,None,Left,1
1684,1427.781,1,4,None,Down,1
1685,1428.447,1,4,None,Right,2
1686,1428.698,1,4,Defeat,None,-1
1687,1432.714,1,4,Restart,None,-1
1688,1436.331,1,4,None,Down,1
1689,1436.831,1,4,None,Down,1
1690,1437.281,1,4,None,Right,1
1691,1437.664,1,4,None,Right,1
1692,1438.381,1,4,None,Down,1
1693,1438.697,1,4,None,Down,1
1694,1439.214,1,4,None,Down,1
1695,1439.497,1,4,None,Down,1
1696,1440.014,1,4,None,Down,1
1697,1441.497,1,4,None,Left,1
1698,1442.047,1,4,None,Right,1
1699,1442.464,1,4,None,Right,1
1700,1447.597,1,4,None,Down,1
1701,1447.847,1,4,None,Down,1
1702,1448.431,1,4,None,Up,1
1703,1448.681,1,4,None,Up,1
1704,1448.931,1,4,None,Up,1
1705,1449.181,1,4,None,Up,1
1706,1449.431,1,4,None,Left,1
1707,1450.314,1,4,None,Down,1
1708,1451.247,1,4,None,Left,1
1709,1452.197,1,4,None,Left,2
1710,1452.447,1,4,Defeat,None,-1
1711,1454.314,1,4,Restart,None,-1
1712,1455.331,1,4,None,Down,1
1713,1455.597,1,4,None,Down,1
1714,1455.864,1,4,None,Down,1
1715,1456.297,1,4,None,Left,1
1716,1457.197,1,4,None,Left,1
1717,1457.447,1,4,None,Left,1
1718,1457.697,1,4,None,Left,1
1719,1458.114,1,4,None,Up,0
1720,1458.431,1,4,None,Up,0
1721,1458.731,1,4,None,Down,1
1722,1459.181,1,4,None,Right,1
1723,1459.431,1,4,None,Right,1
1724,1459.681,1,4,None,Right,1
1725,1459.931,1,4,None,Right,1
1726,1460.181,1,4,None,Right,1
1727,1460.664,1,4,None,Down,1
1728,1461.147,1,4,None,Down,1
1729,1461.564,1,4,None,Down,1
1730,1462.147,1,4,None,Right,1
1731,1462.397,1,4,None,Right,1
1732,1464.231,1,4,None,Up,1
1733,1464.647,1,4,None,Right,1
1734,1465.281,1,4,None,Down,2
1735,1466.347,1,4,None,Left,1
1736,1469.531,1,4,None,Down,1
1737,1469.781,1,4,None,Down,1
1738,1470.031,1,4,None,Down,1
1739,1470.547,1,4,None,Right,1
1740,1474.331,1,4,None,Up,1
1741,1475.014,1,4,None,Up,2
1742,1476.797,1,4,None,Right,1
1743,1477.164,1,4,None,Right,1
1744,1479.547,1,4,None,Left,1
1745,1490.464,1,4,None,Right,1
1746,1490.714,1,4,None,Right,1
1747,1491.597,1,4,None,Left,1
1748,1492.714,1,4,None,Up,2
1749,1493.547,1,4,None,Right,1
1750,1493.914,1,4,None,Up,1
1751,1494.297,1,4,None,Left,2
1752,1494.581,1,4,None,Left,2
1753,1495.414,1,4,None,Left,2
1754,1498.531,1,4,None,Right,1
1755,1498.781,1,4,None,Right,1
1756,1499.797,1,4,None,Down,1
1757,1500.231,1,4,None,Down,1
1758,1501.097,1,4,None,Left,1
1759,1502.164,1,4,None,Up,2
1760,1504.764,1,4,None,Up,2
1761,1505.164,1,4,None,Right,1
1762,1505.514,1,4,None,Up,1
1763,1505.914,1,4,None,Left,2
1764,1506.181,1,4,None,Left,2
1765,1506.431,1,4,None,Left,2
1766,1507.714,1,4,None,Left,2
1767,1508.214,1,4,None,Right,1
1768,1508.647,1,4,None,Right,1
1769,1509.097,1,4,None,Down,1
1770,1509.647,1,4,None,Down,2
1771,1510.314,1,4,None,Right,1
1772,1511.397,1,4,None,Down,1
1773,1513.33,1,4,None,Up,1
1774,1513.58,1,4,None,Left,1
1775,1514.197,1,4,None,Right,1
1776,1514.931,1,4,None,Left,1
1777,1515.214,1,4,None,Down,2
1778,1515.714,1,4,None,Right,1
1779,1516.014,1,4,None,Down,1
1780,1516.33,1,4,None,Left,2
1781,1516.58,1,4,None,Left,2
1782,1516.83,1,4,None,Left,2
1783,1517.081,1,4,None,Left,2
1784,1517.347,1,4,None,Left,2
1785,1517.597,1,4,None,Left,2
1786,1518.197,1,4,None,Down,1
1787,1518.447,1,4,None,Left,1
1788,1518.814,1,4,None,Up,2
1789,1519.064,1,4,None,Up,2
1790,1519.597,1,4,None,Up,2
1791,1519.864,1,4,None,Up,2
1792,1520.397,1,4,None,Left,1
1793,1520.747,1,4,None,Up,1
1794,1521.33,1,4,None,Right,2
1795,1523.88,1,4,None,Right,2
1796,1526.064,1,4,None,Down,1
1797,1526.314,1,4,None,Down,1
1798,1526.58,1,4,None,Down,1
1799,1526.83,1,4,None,Down,1
1800,1527.08,1,4,None,Right,1
1801,1527.397,1,4,None,Right,1
1802,1527.714,1,4,None,Right,1
1803,1528.097,1,4,None,Right,1
1804,1528.63,1,4,None,Up,1
1805,1528.88,1,4,None,Up,1
1806,1529.447,1,4,None,Up,2
1807,1529.764,1,4,None,Right,1
1808,1530.097,1,4,None,Up,1
1809,1530.43,1,4,None,Left,2
1810,1530.864,1,4,None,Down,1
1811,1531.114,1,4,None,Down,1
1812,1531.397,1,4,None,Down,1
1813,1531.647,1,4,None,Down,1
1814,1532.647,1,4,None,Left,1
1815,1533.014,1,4,None,Left,1
1816,1533.63,1,4,None,Right,1
1817,1534.497,1,4,None,Up,1
1818,1534.764,1,4,None,Up,1
1819,1535.014,1,4,None,Up,1
1820,1535.264,1,4,None,Up,2
1821,1536.447,1,4,None,Up,2
1822,1536.914,1,4,None,Down,1
1823,1537.364,1,4,None,Down,1
1824,1537.747,1,4,None,Left,1
1825,1538.214,1,4,None,Up,2
1826,1539.197,1,4,None,Left,2
1827,1539.797,1,4,None,Left,2
1828,1540.23,1,4,None,Down,1
1829,1540.547,1,4,None,Left,1
1830,1540.897,1,4,None,Up,2
1831,1541.98,1,4,None,Up,2
1832,1542.53,1,4,None,Right,1
1833,1542.93,1,4,None,Down,1
1834,1543.314,1,4,None,Right,1
1835,1543.564,1,4,None,Right,1
1836,1543.947,1,4,None,Up,2
1837,1544.297,1,4,None,Left,1
1838,1544.547,1,4,None,Left,1
1839,1544.797,1,4,None,Left,1
1840,1545.047,1,4,None,Left,1
1841,1545.414,1,4,None,Up,1
1842,1545.914,1,4,None,Right,2
1843,1546.164,1,4,None,Right,2
1844,1546.414,1,4,None,Right,4
1845,1546.664,1,4,None,Right,4
1846,1547.197,1,4,None,Right,4
1847,1547.68,1,4,None,Right,4
1848,1549.964,1,4,None,Right,5
1849,1550.23,1,4,Defeat,None,-1
1850,1552.647,1,4,Undo,None,-1
1851,1570.98,1,4,Redo,None,5
1852,1571.23,1,4,Redo,None,0
1853,1571.48,1,4,Redo,None,0
1854,1571.73,1,4,Redo,None,0
1855,1571.98,1,4,Redo,None,0
1856,1572.58,1,4,Undo,None,5
1857,1572.83,1,4,Undo,None,4
1858,1573.08,1,4,Undo,None,4
1859,1573.33,1,4,Undo,None,4
1860,1573.58,1,4,Undo,None,4
1861,1573.847,1,4,Undo,None,2
1862,1574.097,1,4,Undo,None,2
1863,1574.347,1,4,Undo,None,1
1864,1574.614,1,4,Undo,None,1
1865,1575.397,1,4,Undo,None,1
1866,1583.064,1,4,Undo,None,1
1867,1583.547,1,4,Undo,None,1
1868,1583.897,1,4,Undo,None,2
1869,1584.23,1,4,Undo,None,1
1870,1584.614,1,4,Undo,None,1
1871,1584.897,1,4,Undo,None,1
1872,1585.147,1,4,Undo,None,1
1873,1585.397,1,4,Undo,None,2
1874,1585.647,1,4,Undo,None,2
1875,1586.13,1,4,Undo,None,1
1876,1586.697,1,4,Undo,None,1
1877,1587.13,1,4,Undo,None,2
1878,1587.38,1,4,Undo,None,2
1879,1587.664,1,4,Undo,None,2
1880,1597.78,1,4,None,Up,2
1881,1598.78,1,4,None,Right,1
1882,1599.097,1,4,None,Up,1
1883,1599.347,1,4,None,Left,2
1884,1599.597,1,4,None,Left,2
1885,1599.997,1,4,None,Left,2
1886,1600.714,1,4,None,Right,1
1887,1600.964,1,4,None,Right,1
1888,1601.397,1,4,None,Left,1
1889,1602.147,1,4,None,Right,1
1890,1602.514,1,4,None,Down,1
1891,1602.98,1,4,None,Left,2
1892,1603.63,1,4,None,Left,2
1893,1604.797,1,4,None,Left,2
1894,1605.097,1,4,None,Left,2
1895,1607.764,1,4,None,Up,1
1896,1611.33,1,4,None,Up,1
1897,1614.314,1,4,None,Right,1
1898,1616.297,1,4,None,Right,1
1899,1622.247,1,4,None,Up,1
1900,1623.247,1,4,None,Right,1
1901,1623.58,1,4,None,Right,1
1902,1624.497,1,4,None,Right,1
1903,1625.447,1,4,None,Down,2
1904,1626.13,1,4,None,Down,2
1905,1626.68,1,4,None,Right,1
1906,1627.33,1,4,None,Down,1
1907,1627.747,1,4,None,Left,2
1908,1628.097,1,4,None,Left,2
1909,1628.347,1,4,None,Left,2
1910,1632.814,1,4,None,Left,2
1911,1635.647,1,4,None,Down,1
1912,1635.897,1,4,None,Down,1
1913,1636.48,1,4,None,Right,2
1914,1636.747,1,4,Defeat,None,-1
1915,1639.414,1,4,Undo,None,-1
1916,1640.714,1,4,None,Up,1
1917,1641.047,1,4,None,Right,2
1918,1641.297,1,4,Defeat,None,-1
1919,1642.397,1,4,Undo,None,-1
1920,1643.73,1,4,None,Left,1
1921,1643.98,1,4,None,Left,1
1922,1644.23,1,4,None,Left,1
1923,1644.764,1,4,None,Left,1
1924,1645.064,1,4,None,Up,1
1925,1645.48,1,4,None,Up,1
1926,1645.947,1,4,None,Right,1
1927,1646.33,1,4,None,Down,2
1928,1646.58,1,4,None,Down,2
1929,1647.547,1,4,None,Left,1
1930,1647.93,1,4,None,Down,1
1931,1648.347,1,4,None,Right,2
1932,1648.597,1,4,None,Right,2
1933,1648.847,1,4,None,Right,2
1934,1649.197,1,4,None,Down,1
1935,1649.497,1,4,None,Right,1
1936,1649.797,1,4,None,Up,2
1937,1650.114,1,4,None,Left,1
1938,1650.38,1,4,None,Up,1
1939,1650.78,1,4,None,Right,3
1940,1651.914,1,4,None,Up,16
1941,1653.097,1,4,None,Down,16
1942,1659.514,1,4,None,Right,16
1943,1659.764,1,4,None,Right,16
1944,1659.78,1,4,Success,None,-1
1945,1678.297,2,0,Start,None,-1
1946,1701.43,2,0,None,Left,1
1947,1701.73,2,0,None,Left,1
1948,1701.98,2,0,None,Left,1
1949,1702.23,2,0,None,Left,1
1950,1702.48,2,0,None,Left,1
1951,1703.03,2,0,None,Down,1
1952,1703.313,2,0,None,Down,2
1953,1703.563,2,0,Defeat,None,-1
1954,1705.53,2,0,Undo,None,-1
1955,1706.547,2,0,None,Left,1
1956,1707.097,2,0,None,Down,2
1957,1707.347,2,0,Defeat,None,-1
1958,1709.764,2,0,Restart,None,-1
1959,1710.547,2,0,None,Left,1
1960,1710.813,2,0,None,Left,1
1961,1711.063,2,0,None,Left,1
1962,1711.313,2,0,None,Left,1
1963,1713.697,2,0,None,Right,1
1964,1714.513,2,0,None,Down,1
1965,1715.697,2,0,None,Up,1
1966,1716.147,2,0,None,Left,1
1967,1716.397,2,0,None,Left,1
1968,1716.663,2,0,None,Left,1
1969,1730.697,2,0,None,Right,1
1970,1731.03,2,0,None,Right,1
1971,1731.497,2,0,None,Right,1
1972,1731.98,2,0,None,Right,1
1973,1732.297,2,0,None,Right,1
1974,1732.713,2,0,None,Down,1
1975,1732.963,2,0,None,Down,0
1976,1734.013,2,0,None,Up,1
1977,1734.413,2,0,None,Left,1
1978,1734.73,2,0,None,Left,1
1979,1741.93,2,0,None,Down,1
1980,1742.23,2,0,None,Down,1
1981,1742.53,2,0,None,Down,0
1982,1743.997,2,0,None,Up,1
1983,1744.73,2,0,None,Left,1
1984,1745.563,2,0,None,Left,1
1985,1746.18,2,0,None,Left,1
1986,1746.613,2,0,None,Left,1
1987,1747.63,2,0,None,Down,1
1988,1747.88,2,0,None,Down,0
1989,1749.397,2,0,None,Up,1
1990,1750.08,2,0,None,Right,1
1991,1751.463,2,0,None,Left,1
1992,1752.03,2,0,None,Down,1
1993,1752.83,2,0,None,Right,5
1994,1753.08,2,0,None,Right,0
1995,1753.33,2,0,None,Down,1
1996,1753.73,2,0,None,Down,1
1997,1754.13,2,0,None,Right,1
1998,1754.413,2,0,None,Right,1
1999,1756.33,2,0,None,Right,1
2000,1756.663,2,0,None,Right,2
2001,1757.963,2,0,None,Right,2
2002,1762.33,2,0,None,Up,1
2003,1762.897,2,0,None,Right,1
2004,1763.697,2,0,None,Down,2
2005,1764.113,2,0,None,Down,2
2006,1768.497,2,0,None,Down,2
2007,1768.747,2,0,None,Down,2
2008,1769.33,2,0,None,Left,1
2009,1771.047,2,0,None,Right,1
2010,1771.88,2,0,None,Left,1
2011,1772.797,2,0,None,Down,1
2012,1773.13,2,0,None,Right,2
2013,1773.413,2,0,None,Right,2
2014,1773.947,2,0,None,Right,3
2015,1774.197,2,0,Defeat,None,-1
2016,1775.63,2,0,Undo,None,-1
2017,1778.697,2,0,Undo,None,2
2018,1779.113,2,0,Undo,None,2
2019,1779.363,2,0,Undo,None,1
2020,1780.447,2,0,None,Right,1
2021,1780.88,2,0,None,Right,1
2022,1781.18,2,0,None,Down,1
2023,1781.53,2,0,None,Left,2
2024,1781.847,2,0,None,Left,2
2025,1797.347,2,0,None,Up,1
2026,1797.747,2,0,None,Left,1
2027,1798.163,2,0,None,Left,1
2028,1798.463,2,0,None,Down,1
2029,1798.797,2,0,None,Right,2
2030,1799.08,2,0,None,Right,2
2031,1799.33,2,0,None,Right,2
2032,1799.58,2,0,None,Right,2
2033,1801.213,2,0,Undo,None,2
2034,1801.463,2,0,Undo,None,2
2035,1801.713,2,0,Undo,None,2
2036,1801.963,2,0,Undo,None,2
2037,1802.213,2,0,Undo,None,1
2038,1802.797,2,0,None,Right,1
2039,1803.063,2,0,None,Right,1
2040,1803.98,2,0,None,Down,1
2041,1811.08,2,0,None,Up,1
2042,1811.763,2,0,None,Down,1
2043,1812.347,2,0,None,Left,2
2044,1814.413,2,0,None,Up,1
2045,1814.78,2,0,None,Left,1
2046,1815.03,2,0,None,Left,1
2047,1815.28,2,0,None,Left,1
2048,1815.547,2,0,None,Left,1
2049,1815.797,2,0,None,Left,3
2050,1816.297,2,0,None,Left,3
2051,1816.747,2,0,None,Left,3
2052,1817.063,2,0,None,Up,1
2053,1817.43,2,0,None,Left,1
2054,1817.68,2,0,None,Left,1
2055,1818.047,2,0,None,Down,1
2056,1818.397,2,0,None,Right,3
2057,1819.063,2,0,None,Up,1
2058,1819.43,2,0,None,Right,1
2059,1819.78,2,0,None,Down,3
2060,1820.08,2,0,None,Down,3
2061,1822.03,2,0,None,Down,3
2062,1822.963,2,0,None,Left,1
2063,1823.48,2,0,None,Down,1
2064,1824.08,2,0,None,Right,3
2065,1824.347,2,0,None,Right,3
2066,1824.78,2,0,None,Right,3
2067,1825.13,2,0,None,Right,3
2068,1825.38,2,0,None,Right,3
2069,1826.913,2,0,None,Right,3
2070,1828.13,2,0,None,Down,1
2071,1828.447,2,0,None,Right,1
2072,1829.03,2,0,None,Up,3
2073,1829.396,2,0,None,Left,1
2074,1829.847,2,0,None,Up,1
2075,1830.246,2,0,None,Right,3
2076,1830.496,2,0,None,Right,3
2077,1831.53,2,0,None,Up,1
2078,1831.83,2,0,None,Right,1
2079,1832.346,2,0,None,Down,3
2080,1832.78,2,0,None,Up,1
2081,1833.047,2,0,None,Up,1
2082,1833.513,2,0,None,Left,1
2083,1833.763,2,0,None,Left,1
2084,1834.063,2,0,None,Left,1
2085,1834.33,2,0,None,Left,1
2086,1834.58,2,0,None,Left,1
2087,1834.83,2,0,None,Left,1
2088,1835.48,2,0,None,Left,1
2089,1836.047,2,0,None,Down,1
2090,1837.297,2,0,None,Up,1
2091,1837.68,2,0,None,Right,1
2092,1837.997,2,0,None,Down,2
2093,1838.33,2,0,None,Left,1
2094,1838.746,2,0,None,Down,1
2095,1839.13,2,0,None,Right,2
2096,1839.413,2,0,None,Right,2
2097,1839.663,2,0,None,Right,2
2098,1839.913,2,0,None,Right,2
2099,1840.247,2,0,None,Right,2
2100,1840.596,2,0,None,Right,2
2101,1841.38,2,0,None,Right,2
2102,1842.096,2,0,None,Up,1
2103,1842.447,2,0,None,Right,1
2104,1842.963,2,0,None,Down,2
2105,1843.696,2,0,None,Right,1
2106,1844.03,2,0,None,Right,7
2107,1844.396,2,0,None,Right,7
2108,1844.646,2,0,None,Right,7
2109,1844.896,2,0,None,Right,7
2110,1845.18,2,0,None,Right,7
2111,1845.546,2,0,None,Right,7
2112,1846.53,2,0,None,Down,1
2113,1846.83,2,0,None,Down,1
2114,1847.13,2,0,None,Right,1
2115,1847.38,2,0,None,Right,1
2116,1848.13,2,0,None,Right,1
2117,1848.48,2,0,None,Down,1
2118,1848.496,2,0,Success,None,-1
2119,1851.363,2,1,Start,None,-1
2120,1867.746,2,1,None,Left,1
2121,1867.996,2,1,None,Left,1
2122,1868.246,2,1,None,Left,1
2123,1868.513,2,1,None,Down,1
2124,1868.796,2,1,None,Down,1
2125,1869.13,2,1,None,Left,5
2126,1869.963,2,1,None,Down,1
2127,1870.546,2,1,None,Down,1
2128,1871.346,2,1,None,Right,1
2129,1871.713,2,1,None,Right,2
2130,1871.963,2,1,None,Right,2
2131,1872.28,2,1,None,Right,2
2132,1872.546,2,1,None,Right,2
2133,1873.896,2,1,None,Right,2
2134,1875.913,2,1,Undo,None,2
2135,1876.363,2,1,Undo,None,2
2136,1877.03,2,1,None,Up,1
2137,1877.396,2,1,None,Right,1
2138,1878.913,2,1,None,Down,2
2139,1879.163,2,1,None,Down,2
2140,1880.83,2,1,None,Right,1
2141,1881.13,2,1,None,Down,1
2142,1881.696,2,1,None,Left,2
2143,1881.946,2,1,None,Left,2
2144,1882.58,2,1,None,Down,1
2145,1883.396,2,1,None,Down,1
2146,1892.346,2,1,None,Right,1
2147,1893.93,2,1,None,Up,1
2148,1894.413,2,1,None,Up,1
2149,1896.93,2,1,None,Down,1
2150,1897.246,2,1,None,Down,1
2151,1897.563,2,1,None,Down,1
2152,1898.863,2,1,None,Left,1
2153,1899.496,2,1,None,Left,1
2154,1899.913,2,1,None,Left,1
2155,1900.213,2,1,None,Left,1
2156,1901.48,2,1,None,Right,1
2157,1902.18,2,1,None,Right,1
2158,1902.796,2,1,None,Down,1
2159,1903.413,2,1,None,Left,2
2160,1903.696,2,1,None,Left,2
2161,1904.346,2,1,None,Left,2
2162,1904.596,2,1,None,Left,2
2163,1905.58,2,1,None,Up,1
2164,1906.046,2,1,None,Left,1
2165,1906.463,2,1,None,Down,2
2166,1906.796,2,1,None,Down,0
2167,1907.68,2,1,None,Right,1
2168,1908.43,2,1,None,Down,1
2169,1909.03,2,1,None,Left,2
2170,1909.33,2,1,None,Left,2
2171,1910.613,2,1,None,Left,2
2172,1911.03,2,1,None,Down,1
2173,1911.38,2,1,None,Left,1
2174,1911.78,2,1,None,Up,2
2175,1912.246,2,1,None,Up,2
2176,1912.896,2,1,None,Up,2
2177,1913.58,2,1,None,Left,1
2178,1914.446,2,1,None,Right,1
2179,1914.863,2,1,None,Up,2
2180,1915.43,2,1,None,Left,1
2181,1915.78,2,1,None,Up,1
2182,1916.18,2,1,None,Right,2
2183,1916.863,2,1,None,Down,1
2184,1917.246,2,1,None,Right,1
2185,1917.546,2,1,None,Right,2
2186,1918.013,2,1,None,Down,1
2187,1918.313,2,1,None,Right,1
2188,1918.613,2,1,None,Up,2
2189,1919.38,2,1,None,Left,1
2190,1919.63,2,1,None,Left,1
2191,1919.896,2,1,None,Left,1
2192,1920.18,2,1,None,Down,1
2193,1920.43,2,1,None,Down,1
2194,1920.68,2,1,None,Down,1
2195,1920.98,2,1,None,Left,1
2196,1921.23,2,1,None,Left,1
2197,1921.48,2,1,None,Left,1
2198,1921.73,2,1,None,Left,1
2199,1922.68,2,1,None,Up,6
2200,1923.03,2,1,None,Up,6
2201,1923.396,2,1,None,Up,6
2202,1923.646,2,1,None,Up,6
2203,1924.229,2,1,None,Up,6
2204,1924.913,2,1,None,Right,1
2205,1925.33,2,1,None,Down,4
2206,1925.713,2,1,None,Down,4
2207,1925.963,2,1,None,Down,4
2208,1926.213,2,1,None,Down,4
2209,1926.496,2,1,None,Down,4
2210,1927.063,2,1,None,Right,1
2211,1927.313,2,1,None,Right,1
2212,1927.563,2,1,None,Right,1
2213,1927.813,2,1,None,Right,1
2214,1928.08,2,1,None,Right,1
2215,1928.33,2,1,None,Right,1
2216,1928.696,2,1,None,Right,1
2217,1930.68,2,1,None,Down,0
2218,1931.013,2,1,None,Down,0
2219,1931.863,2,1,None,Down,0
2220,1932.113,2,1,None,Down,0
2221,1932.363,2,1,None,Down,0
2222,1933.43,2,1,None,Left,1
2223,1933.796,2,1,None,Left,1
2224,1934.046,2,1,None,Left,1
2225,1934.296,2,1,None,Left,1
2226,1936.63,2,1,None,Up,1
2227,1937.146,2,1,None,Right,1
2228,1937.413,2,1,None,Right,1
2229,1937.663,2,1,None,Right,1
2230,1937.913,2,1,None,Right,1
2231,1938.163,2,1,None,Right,1
2232,1938.413,2,1,None,Right,1
2233,1938.663,2,1,None,Right,1
2234,1938.913,2,1,None,Right,1
2235,1939.18,2,1,None,Right,1
2236,1939.43,2,1,None,Right,0
2237,1939.68,2,1,None,Right,0
2238,1939.996,2,1,None,Up,1
2239,1940.246,2,1,None,Up,1
2240,1941.13,2,1,None,Left,1
2241,1941.38,2,1,None,Left,1
2242,1941.646,2,1,None,Left,1
2243,1941.896,2,1,None,Left,1
2244,1942.413,2,1,None,Down,1
2245,1942.88,2,1,None,Left,1
2246,1943.18,2,1,None,Left,1
2247,1943.446,2,1,None,Left,1
2248,1943.713,2,1,None,Left,1
2249,1944.296,2,1,None,Down,1
2250,1945.33,2,1,None,Down,1
2251,1945.58,2,1,None,Down,1
2252,1946.43,2,1,None,Up,1
2253,1946.946,2,1,None,Up,1
2254,1947.196,2,1,None,Up,1
2255,1947.563,2,1,None,Up,1
2256,1948.363,2,1,None,Left,1
2257,1948.613,2,1,None,Left,1
2258,1949.229,2,1,None,Up,1
2259,1949.63,2,1,None,Left,1
2260,1949.88,2,1,None,Left,1
2261,1950.146,2,1,None,Left,1
2262,1950.398,2,1,None,Left,0
2263,1950.715,2,1,None,Left,0
2264,1951.963,2,1,None,Up,1
2265,1984.513,2,1,Undo,None,1
2266,1984.779,2,1,Undo,None,1
2267,1985.029,2,1,Undo,None,1
2268,1985.28,2,1,Undo,None,1
2269,1985.53,2,1,Undo,None,1
2270,1985.796,2,1,Undo,None,1
2271,1986.046,2,1,Undo,None,1
2272,1986.296,2,1,Undo,None,1
2273,1986.546,2,1,Undo,None,1
2274,1986.796,2,1,Undo,None,1
2275,1987.046,2,1,Undo,None,1
2276,1987.296,2,1,Undo,None,1
2277,1987.546,2,1,Undo,None,1
2278,1987.796,2,1,Undo,None,1
2279,1988.046,2,1,Undo,None,1
2280,1988.296,2,1,Undo,None,1
2281,1988.546,2,1,Undo,None,1
2282,1988.796,2,1,Undo,None,1
2283,1989.046,2,1,Undo,None,1
2284,1989.296,2,1,Undo,None,1
2285,1989.546,2,1,Undo,None,1
2286,1989.796,2,1,Undo,None,1
2287,1990.046,2,1,Undo,None,1
2288,1990.296,2,1,Undo,None,1
2289,1990.546,2,1,Undo,None,1
2290,1990.796,2,1,Undo,None,1
2291,1991.046,2,1,Undo,None,1
2292,1991.296,2,1,Undo,None,1
2293,1991.563,2,1,Undo,None,1
2294,1991.813,2,1,Undo,None,1
2295,1992.063,2,1,Undo,None,1
2296,1992.313,2,1,Undo,None,1
2297,1992.579,2,1,Undo,None,1
2298,1992.829,2,1,Undo,None,1
2299,1993.079,2,1,Undo,None,1
2300,1993.329,2,1,Undo,None,1
2301,1993.579,2,1,Undo,None,1
2302,1993.829,2,1,Undo,None,1
2303,1994.079,2,1,Undo,None,1
2304,1994.329,2,1,Undo,None,1
2305,1994.579,2,1,Undo,None,1
2306,1994.829,2,1,Undo,None,1
2307,1995.079,2,1,Undo,None,1
2308,1995.329,2,1,Undo,None,1
2309,1995.579,2,1,Undo,None,1
2310,1995.846,2,1,Undo,None,1
2311,1996.096,2,1,Undo,None,4
2312,1996.346,2,1,Undo,None,4
2313,1996.596,2,1,Undo,None,4
2314,1996.863,2,1,Undo,None,4
2315,1997.113,2,1,Undo,None,4
2316,1997.363,2,1,Undo,None,1
2317,1997.613,2,1,Undo,None,6
2318,1997.863,2,1,Undo,None,6
2319,1998.113,2,1,Undo,None,6
2320,1998.363,2,1,Undo,None,6
2321,1998.613,2,1,Undo,None,6
2322,1998.863,2,1,Undo,None,1
2323,1999.13,2,1,Undo,None,1
2324,1999.396,2,1,Undo,None,1
2325,1999.663,2,1,Undo,None,1
2326,1999.913,2,1,Undo,None,1
2327,2000.163,2,1,Undo,None,1
2328,2000.413,2,1,Undo,None,1
2329,2000.679,2,1,Undo,None,1
2330,2000.929,2,1,Undo,None,1
2331,2001.179,2,1,Undo,None,1
2332,2001.429,2,1,Undo,None,2
2333,2001.679,2,1,Undo,None,1
2334,2001.929,2,1,Undo,None,1
2335,2002.179,2,1,Undo,None,2
2336,2002.446,2,1,Undo,None,1
2337,2002.696,2,1,Undo,None,1
2338,2002.946,2,1,Undo,None,2
2339,2003.196,2,1,Undo,None,1
2340,2003.446,2,1,Undo,None,1
2341,2003.713,2,1,Undo,None,2
2342,2003.963,2,1,Undo,None,1
2343,2004.213,2,1,Undo,None,1
2344,2004.463,2,1,Undo,None,2
2345,2004.713,2,1,Undo,None,2
2346,2004.963,2,1,Undo,None,2
2347,2005.213,2,1,Undo,None,1
2348,2005.463,2,1,Undo,None,1
2349,2005.713,2,1,Undo,None,2
2350,2005.963,2,1,Undo,None,2
2351,2006.213,2,1,Undo,None,2
2352,2006.479,2,1,Undo,None,1
2353,2006.729,2,1,Undo,None,1
2354,2006.979,2,1,Undo,None,2
2355,2007.246,2,1,Undo,None,1
2356,2007.496,2,1,Undo,None,1
2357,2007.746,2,1,Undo,None,2
2358,2008.013,2,1,Undo,None,2
2359,2008.263,2,1,Undo,None,2
2360,2008.513,2,1,Undo,None,2
2361,2008.779,2,1,Undo,None,1
2362,2009.046,2,1,Undo,None,1
2363,2009.296,2,1,Undo,None,1
2364,2009.546,2,1,Undo,None,1
2365,2009.796,2,1,Undo,None,1
2366,2010.046,2,1,Undo,None,1
2367,2010.296,2,1,Undo,None,1
2368,2010.563,2,1,Undo,None,1
2369,2010.813,2,1,Undo,None,1
2370,2011.063,2,1,Undo,None,1
2371,2011.329,2,1,Undo,None,1
2372,2011.579,2,1,Undo,None,1
2373,2011.846,2,1,Undo,None,1
2374,2012.113,2,1,Undo,None,1
2375,2012.363,2,1,Undo,None,1
2376,2012.613,2,1,Undo,None,2
2377,2012.879,2,1,Undo,None,2
2378,2013.129,2,1,Undo,None,1
2379,2013.379,2,1,Undo,None,1
2380,2014.063,2,1,Undo,None,2
2381,2014.313,2,1,Undo,None,2
2382,2014.563,2,1,Undo,None,1
2383,2014.813,2,1,Undo,None,1
2384,2015.063,2,1,Undo,None,2
2385,2015.313,2,1,Undo,None,2
2386,2015.563,2,1,Undo,None,2
2387,2015.813,2,1,Undo,None,1
2388,2016.063,2,1,Undo,None,1
2389,2016.329,2,1,Undo,None,1
2390,2016.579,2,1,Undo,None,5
2391,2016.829,2,1,Undo,None,1
2392,2017.079,2,1,Undo,None,1
2393,2017.329,2,1,Undo,None,1
2394,2018.363,2,1,None,Left,1
2395,2018.613,2,1,None,Left,1
2396,2018.879,2,1,None,Left,1
2397,2019.13,2,1,None,Left,1
2398,2019.396,2,1,None,Left,1
2399,2019.646,2,1,None,Left,0
2400,2019.896,2,1,None,Down,1
2401,2020.146,2,1,None,Down,1
2402,2020.413,2,1,None,Right,5
2403,2021.063,2,1,None,Down,1
2404,2021.313,2,1,None,Down,1
2405,2021.579,2,1,None,Right,1
2406,2021.896,2,1,None,Right,1
2407,2022.229,2,1,None,Right,1
2408,2022.479,2,1,None,Right,2
2409,2022.729,2,1,None,Right,2
2410,2023.246,2,1,None,Down,1
2411,2023.579,2,1,None,Down,1
2412,2023.846,2,1,None,Down,1
2413,2024.096,2,1,None,Down,1
2414,2024.779,2,1,None,Down,1
2415,2025.029,2,1,None,Down,1
2416,2025.479,2,1,None,Left,2
2417,2025.746,2,1,None,Left,2
2418,2025.996,2,1,None,Left,2
2419,2026.246,2,1,None,Left,2
2420,2026.496,2,1,None,Left,2
2421,2026.763,2,1,None,Left,2
2422,2027.013,2,1,None,Left,2
2423,2031.196,2,1,None,Down,1
2424,2032.379,2,1,None,Left,1
2425,2032.796,2,1,None,Left,1
2426,2033.529,2,1,None,Up,1
2427,2033.979,2,1,None,Right,2
2428,2034.229,2,1,None,Right,2
2429,2034.479,2,1,None,Right,2
2430,2034.729,2,1,None,Right,2
2431,2034.996,2,1,None,Right,2
2432,2035.263,2,1,None,Right,2
2433,2035.546,2,1,None,Right,2
2434,2037.746,2,1,None,Right,2
2435,2038.28,2,1,None,Down,1
2436,2038.546,2,1,None,Right,1
2437,2039.246,2,1,None,Up,2
2438,2039.496,2,1,None,Up,2
2439,2039.746,2,1,None,Up,2
2440,2039.996,2,1,None,Up,2
2441,2040.246,2,1,None,Up,2
2442,2040.496,2,1,None,Up,2
2443,2040.979,2,1,None,Right,1
2444,2041.313,2,1,None,Right,1
2445,2041.596,2,1,None,Up,1
2446,2041.846,2,1,None,Up,1
2447,2042.096,2,1,None,Left,1
2448,2042.346,2,1,None,Down,2
2449,2042.779,2,1,None,Left,2
2450,2043.029,2,1,None,Left,2
2451,2043.279,2,1,None,Left,2
2452,2059.529,2,1,None,Left,2
2453,2063.096,2,1,None,Up,1
2454,2063.529,2,1,None,Left,1
2455,2064.129,2,1,None,Up,2
2456,2064.379,2,1,Defeat,None,-1
2457,2067.046,2,1,Undo,None,-1
2458,2067.896,2,1,None,Left,1
2459,2068.413,2,1,None,Down,1
2460,2070.779,2,1,None,Right,2
2461,2071.046,2,1,None,Right,2
2462,2071.496,2,1,None,Right,2
2463,2071.763,2,1,None,Right,2
2464,2072.029,2,1,None,Right,2
2465,2073.713,2,1,None,Up,1
2466,2076.896,2,1,None,Down,1
2467,2077.796,2,1,None,Right,2
2468,2081.363,2,1,None,Up,1
2469,2081.929,2,1,None,Right,1
2470,2082.996,2,1,None,Left,1
2471,2083.246,2,1,None,Left,1
2472,2083.679,2,1,None,Right,1
2473,2083.963,2,1,None,Right,1
2474,2084.396,2,1,None,Down,2
2475,2084.646,2,1,None,Down,2
2476,2085.179,2,1,None,Down,2
2477,2085.429,2,1,None,Down,2
2478,2085.846,2,1,None,Left,1
2479,2086.563,2,1,None,Right,1
2480,2090.563,2,1,Undo,None,1
2481,2090.863,2,1,Undo,None,1
2482,2091.113,2,1,Undo,None,2
2483,2091.996,2,1,None,Right,1
2484,2092.429,2,1,None,Down,1
2485,2093.496,2,1,None,Left,2
2486,2093.746,2,1,None,Left,2
2487,2094.012,2,1,None,Left,2
2488,2094.563,2,1,None,Left,2
2489,2094.813,2,1,None,Left,2
2490,2095.679,2,1,None,Down,1
2491,2096.046,2,1,None,Up,1
2492,2096.379,2,1,None,Up,1
2493,2096.729,2,1,None,Left,1
2494,2097.146,2,1,None,Down,2
2495,2097.629,2,1,None,Down,2
2496,2098.046,2,1,None,Right,1
2497,2098.629,2,1,None,Down,1
2498,2100.129,2,1,None,Left,2
2499,2100.379,2,1,None,Left,2
2500,2100.696,2,1,None,Left,2
2501,2101.113,2,1,None,Left,2
2502,2101.962,2,1,None,Right,1
2503,2102.279,2,1,None,Down,1
2504,2103.246,2,1,None,Left,1
2505,2103.496,2,1,None,Left,1
2506,2104.246,2,1,None,Up,2
2507,2104.546,2,1,None,Up,2
2508,2105.779,2,1,None,Down,1
2509,2106.096,2,1,None,Right,1
2510,2106.362,2,1,None,Right,1
2511,2106.713,2,1,None,Right,1
2512,2106.979,2,1,None,Right,1
2513,2107.363,2,1,None,Right,1
2514,2108.98,2,1,None,Down,1
2515,2109.246,2,1,None,Down,1
2516,2110.462,2,1,None,Up,1
2517,2110.929,2,1,None,Left,1
2518,2111.179,2,1,None,Left,1
2519,2111.429,2,1,None,Left,1
2520,2111.679,2,1,None,Left,1
2521,2111.929,2,1,None,Left,1
2522,2112.563,2,1,None,Up,1
2523,2112.813,2,1,None,Up,1
2524,2113.729,2,1,None,Right,2
2525,2115.012,2,1,None,Down,1
2526,2115.346,2,1,None,Right,1
2527,2115.646,2,1,None,Up,2
2528,2115.896,2,1,None,Up,0
2529,2116.662,2,1,None,Left,1
2530,2116.912,2,1,None,Left,1
2531,2117.162,2,1,None,Left,1
2532,2117.646,2,1,None,Right,1
2533,2117.896,2,1,None,Right,1
2534,2118.146,2,1,None,Right,1
2535,2118.396,2,1,None,Right,1
2536,2118.646,2,1,None,Right,1
2537,2118.896,2,1,None,Right,1
2538,2119.212,2,1,None,Right,1
2539,2119.479,2,1,None,Right,1
2540,2121.462,2,1,None,Right,1
2541,2121.979,2,1,None,Up,1
2542,2122.229,2,1,None,Up,1
2543,2122.529,2,1,None,Up,1
2544,2123.046,2,1,None,Up,1
2545,2123.496,2,1,None,Down,1
2546,2124.262,2,1,None,Down,1
2547,2124.512,2,1,None,Down,1
2548,2125.063,2,1,None,Left,1
2549,2125.313,2,1,None,Left,1
2550,2125.563,2,1,None,Left,1
2551,2125.813,2,1,None,Left,1
2552,2126.212,2,1,None,Down,1
2553,2126.563,2,1,None,Left,1
2554,2126.813,2,1,None,Left,1
2555,2127.063,2,1,None,Left,1
2556,2127.313,2,1,None,Left,1
2557,2127.563,2,1,None,Left,1
2558,2127.813,2,1,None,Left,1
2559,2128.579,2,1,None,Left,1
2560,2129.446,2,1,None,Left,0
2561,2130.562,2,1,None,Up,1
2562,2132.496,2,1,None,Up,1
2563,2177.579,2,1,None,Down,1
2564,2177.829,2,1,None,Down,1
2565,2178.079,2,1,None,Down,1
2566,2178.329,2,1,None,Down,1
2567,2178.579,2,1,None,Down,1
2568,2178.829,2,1,None,Right,1
2569,2179.162,2,1,None,Right,1
2570,2179.412,2,1,None,Right,1
2571,2179.662,2,1,None,Right,1
2572,2179.979,2,1,None,Down,0
2573,2180.246,2,1,None,Down,0
2574,2180.496,2,1,None,Down,0
2575,2180.746,2,1,None,Down,0
2576,2181.046,2,1,None,Down,0
2577,2181.412,2,1,None,Down,0
2578,2181.662,2,1,None,Down,0
2579,2181.912,2,1,None,Down,0
2580,2182.362,2,1,None,Up,1
2581,2182.612,2,1,None,Up,1
2582,2182.862,2,1,None,Left,1
2583,2183.112,2,1,None,Left,1
2584,2183.362,2,1,None,Left,1
2585,2183.612,2,1,None,Left,1
2586,2183.862,2,1,None,Up,1
2587,2185.029,2,1,None,Up,1
2588,2185.729,2,1,None,Right,1
2589,2187.929,2,1,None,Left,1
2590,2188.179,2,1,None,Left,0
2591,2188.612,2,1,None,Left,0
2592,2189.029,2,1,None,Up,1
2593,2189.479,2,1,None,Left,1
2594,2189.729,2,1,None,Left,0
2595,2190.096,2,1,None,Up,1
2596,2190.396,2,1,None,Left,1
2597,2190.679,2,1,None,Down,6
2598,2190.929,2,1,None,Down,6
2599,2191.179,2,1,None,Down,6
2600,2191.429,2,1,None,Down,6
2601,2191.679,2,1,None,Down,6
2602,2191.929,2,1,None,Down,6
2603,2193.046,2,1,None,Right,1
2604,2193.296,2,1,None,Right,1
2605,2193.546,2,1,None,Right,1
2606,2194.029,2,1,None,Up,1
2607,2194.296,2,1,None,Up,1
2608,2194.546,2,1,None,Up,1
2609,2194.796,2,1,None,Up,1
2610,2195.046,2,1,None,Up,1
2611,2195.296,2,1,None,Left,1
2612,2195.546,2,1,None,Left,1
2613,2195.796,2,1,None,Left,1
2614,2196.279,2,1,None,Right,1
2615,2196.646,2,1,None,Down,4
2616,2196.896,2,1,None,Down,4
2617,2197.146,2,1,None,Down,4
2618,2197.412,2,1,None,Down,4
2619,2197.662,2,1,None,Down,4
2620,2197.912,2,1,None,Down,4
2621,2198.229,2,1,None,Right,1
2622,2198.479,2,1,None,Right,1
2623,2198.845,2,1,None,Right,1
2624,2199.095,2,1,None,Right,1
2625,2199.346,2,1,None,Right,0
2626,2199.662,2,1,None,Up,1
2627,2199.929,2,1,None,Up,1
2628,2200.229,2,1,None,Right,1
2629,2200.479,2,1,None,Right,1
2630,2200.746,2,1,None,Right,1
2631,2201.212,2,1,None,Up,1
2632,2201.462,2,1,None,Up,1
2633,2201.712,2,1,None,Up,1
2634,2202.129,2,1,None,Left,5
2635,2202.379,2,1,None,Left,5
2636,2202.629,2,1,None,Left,5
2637,2202.879,2,1,None,Left,5
2638,2203.129,2,1,None,Left,5
2639,2203.479,2,1,None,Left,0
2640,2203.929,2,1,None,Left,0
2641,2204.262,2,1,None,Left,0
2642,2206.479,2,1,None,Up,1
2643,2206.729,2,1,None,Up,1
2644,2207.946,2,1,None,Left,1
2645,2208.729,2,1,None,Left,1
2646,2209.379,2,1,None,Down,1
2647,2210.696,2,1,None,Down,3
2648,2213.396,2,1,None,Up,1
2649,2213.829,2,1,None,Right,1
2650,2214.079,2,1,None,Right,1
2651,2214.562,2,1,None,Down,1
2652,2214.812,2,1,None,Down,1
2653,2215.062,2,1,None,Down,1
2654,2215.379,2,1,None,Left,1
2655,2215.812,2,1,None,Left,1
2656,2216.179,2,1,None,Up,3
2657,2216.796,2,1,None,Left,1
2658,2217.046,2,1,None,Left,0
2659,2217.296,2,1,None,Left,0
2660,2217.546,2,1,None,Left,0
2661,2217.812,2,1,None,Down,1
2662,2218.162,2,1,None,Left,0
2663,2218.496,2,1,None,Down,1
2664,2218.746,2,1,None,Down,1
2665,2219.396,2,1,None,Down,6
2666,2219.979,2,1,None,Left,1
2667,2220.329,2,1,None,Up,8
2668,2221.129,2,1,None,Up,8
2669,2226.929,2,1,None,Right,1
2670,2227.229,2,1,None,Right,1
2671,2227.496,2,1,None,Right,1
2672,2227.746,2,1,None,Right,1
2673,2227.996,2,1,None,Right,1
2674,2230.529,2,1,None,Left,1
2675,2230.912,2,1,None,Left,1
2676,2231.812,2,1,None,Up,1
2677,2232.362,2,1,None,Up,1
2678,2233.896,2,1,None,Up,2
2679,2234.262,2,1,None,Left,0
2680,2234.996,2,1,None,Left,0
2681,2235.795,2,1,None,Down,1
2682,2236.045,2,1,None,Left,1
2683,2236.379,2,1,None,Up,3
2684,2236.812,2,1,None,Up,3
2685,2237.179,2,1,None,Left,1
2686,2237.612,2,1,None,Down,2
2687,2237.862,2,1,None,Down,2
2688,2238.112,2,1,None,Down,2
2689,2238.362,2,1,None,Down,2
2690,2238.779,2,1,None,Left,1
2691,2239.045,2,1,None,Down,1
2692,2239.545,2,1,None,Right,2
2693,2239.795,2,1,None,Right,2
2694,2240.295,2,1,None,Up,1
2695,2240.545,2,1,None,Up,1
2696,2240.862,2,1,None,Right,1
2697,2241.112,2,1,None,Right,1
2698,2241.362,2,1,None,Up,1
2699,2241.612,2,1,None,Up,1
2700,2241.879,2,1,None,Up,1
2701,2242.129,2,1,None,Up,1
2702,2242.379,2,1,None,Up,1
2703,2242.629,2,1,None,Up,1
2704,2243.012,2,1,None,Left,1
2705,2243.812,2,1,None,Left,1
2706,2244.246,2,1,None,Down,1
2707,2244.762,2,1,None,Right,1
2708,2245.245,2,1,None,Down,1
2709,2245.545,2,1,None,Left,3
2710,2246.079,2,1,None,Down,1
2711,2246.479,2,1,None,Right,2
2712,2247.196,2,1,None,Down,1
2713,2247.479,2,1,None,Right,1
2714,2247.829,2,1,None,Up,2
2715,2248.329,2,1,None,Right,1
2716,2248.629,2,1,None,Up,1
2717,2248.962,2,1,None,Left,2
2718,2249.212,2,1,None,Left,2
2719,2249.862,2,1,None,Up,1
2720,2250.146,2,1,None,Right,1
2721,2250.396,2,1,None,Right,1
2722,2250.646,2,1,None,Right,2
2723,2250.896,2,1,None,Right,2
2724,2252.945,2,1,None,Up,2
2725,2253.396,2,1,None,Up,2
2726,2253.829,2,1,None,Right,1
2727,2254.279,2,1,None,Down,1
2728,2254.662,2,1,None,Right,1
2729,2255.079,2,1,None,Right,1
2730,2255.496,2,1,None,Down,1
2731,2255.779,2,1,None,Down,2
2732,2256.029,2,1,None,Left,5
2733,2256.812,2,1,None,Left,5
2734,2258.579,2,1,None,Up,2
2735,2258.829,2,1,None,Up,2
2736,2259.079,2,1,None,Up,2
2737,2259.329,2,1,None,Up,2
2738,2259.679,2,1,None,Left,3
2739,2260.745,2,1,None,Down,1
2740,2261.012,2,1,None,Down,1
2741,2266.812,2,1,None,Right,1
2742,2267.112,2,1,None,Right,1
2743,2268.045,2,1,None,Down,1
2744,2268.295,2,1,None,Down,1
2745,2268.545,2,1,None,Down,1
2746,2270.696,2,1,None,Down,1
2747,2270.979,2,1,None,Down,1
2748,2271.345,2,1,None,Down,1
2749,2271.613,2,1,None,Down,1
2750,2272.029,2,1,None,Left,1
2751,2272.279,2,1,None,Left,1
2752,2272.529,2,1,None,Left,1
2753,2272.779,2,1,None,Left,1
2754,2273.029,2,1,None,Left,1
2755,2273.279,2,1,None,Left,1
2756,2273.529,2,1,None,Left,1
2757,2273.929,2,1,None,Down,1
2758,2274.279,2,1,None,Right,2
2759,2274.529,2,1,None,Right,2
2760,2274.829,2,1,None,Right,2
2761,2275.179,2,1,None,Right,2
2762,2275.495,2,1,None,Right,2
2763,2276.529,2,1,None,Right,2
2764,2276.779,2,1,None,Right,2
2765,2277.079,2,1,None,Right,2
2766,2277.729,2,1,None,Right,2
2767,2278.129,2,1,None,Right,2
2768,2278.479,2,1,None,Down,1
2769,2278.779,2,1,None,Right,1
2770,2279.396,2,1,None,Up,2
2771,2279.646,2,1,None,Up,2
2772,2279.896,2,1,None,Up,2
2773,2280.146,2,1,None,Up,2
2774,2280.412,2,1,None,Up,2
2775,2280.662,2,1,None,Up,2
2776,2280.912,2,1,None,Up,2
2777,2281.162,2,1,None,Up,2
2778,2283.095,2,1,Undo,None,2
2779,2283.745,2,1,None,Right,1
2780,2285.179,2,1,None,Up,1
2781,2285.529,2,1,None,Left,2
2782,2285.779,2,1,None,Left,2
2783,2286.112,2,1,None,Left,2
2784,2286.529,2,1,None,Left,2
2785,2287.062,2,1,None,Down,1
2786,2287.345,2,1,None,Left,1
2787,2287.829,2,1,None,Up,2
2788,2288.095,2,1,None,Up,3
2789,2288.829,2,1,None,Down,228
2790,2288.845,2,1,Success,None,-1
2791,2294.729,2,2,Start,None,-1
2792,2305.529,2,2,None,Left,1
2793,2305.979,2,2,None,Left,1
2794,2306.429,2,2,None,Left,1
2795,2307.595,2,2,None,Left,1
2796,2308.779,2,2,None,Left,1
2797,2309.095,2,2,None,Left,1
2798,2309.645,2,2,None,Left,1
2799,2310.029,2,2,None,Down,1
2800,2310.345,2,2,None,Down,1
2801,2310.845,2,2,None,Right,5
2802,2311.429,2,2,None,Down,1
2803,2312.162,2,2,None,Down,1
2804,2312.495,2,2,None,Right,1
2805,2312.895,2,2,None,Right,1
2806,2313.145,2,2,None,Right,1
2807,2313.395,2,2,None,Right,2
2808,2314.129,2,2,None,Right,2
2809,2314.379,2,2,None,Right,2
2810,2315.012,2,2,None,Down,1
2811,2315.262,2,2,None,Down,1
2812,2315.529,2,2,None,Down,1
2813,2316.279,2,2,None,Down,1
2814,2316.529,2,2,None,Down,1
2815,2316.829,2,2,None,Down,1
2816,2317.079,2,2,None,Down,1
2817,2320.195,2,2,None,Up,1
2818,2321.929,2,2,None,Up,1
2819,2323.462,2,2,None,Up,1
2820,2324.445,2,2,None,Down,1
2821,2324.779,2,2,None,Down,1
2822,2327.079,2,2,None,Left,1
2823,2327.529,2,2,None,Left,2
2824,2327.895,2,2,None,Left,2
2825,2328.145,2,2,None,Left,2
2826,2328.395,2,2,None,Left,2
2827,2328.645,2,2,None,Left,2
2828,2328.995,2,2,None,Left,2
2829,2329.629,2,2,None,Left,2
2830,2330.645,2,2,None,Right,1
2831,2332.329,2,2,None,Right,1
2832,2332.579,2,2,None,Right,1
2833,2332.829,2,2,None,Right,1
2834,2333.079,2,2,None,Right,1
2835,2338.329,2,2,None,Up,1
2836,2338.579,2,2,None,Up,1
2837,2338.829,2,2,None,Up,1
2838,2339.329,2,2,None,Right,1
2839,2339.579,2,2,None,Right,1
2840,2339.845,2,2,None,Up,1
2841,2340.095,2,2,None,Up,1
2842,2340.345,2,2,None,Up,1
2843,2340.595,2,2,None,Up,1
2844,2340.928,2,2,None,Right,1
2845,2341.178,2,2,None,Right,1
2846,2341.579,2,2,None,Down,2
2847,2341.979,2,2,None,Right,1
2848,2342.279,2,2,None,Down,1
2849,2342.579,2,2,None,Left,2
2850,2342.912,2,2,None,Left,2
2851,2343.329,2,2,None,Up,1
2852,2343.579,2,2,None,Left,1
2853,2343.829,2,2,None,Down,2
2854,2344.079,2,2,None,Down,2
2855,2344.329,2,2,None,Down,2
2856,2344.579,2,2,None,Down,2
2857,2345.062,2,2,None,Right,1
2858,2345.345,2,2,None,Down,1
2859,2345.862,2,2,None,Left,2
2860,2346.112,2,2,None,Left,2
2861,2346.362,2,2,None,Left,2
2862,2346.745,2,2,None,Up,1
2863,2346.995,2,2,None,Left,1
2864,2347.345,2,2,None,Down,2
2865,2347.729,2,2,None,Right,1
2866,2348.479,2,2,None,Down,1
2867,2348.779,2,2,None,Left,2
2868,2349.029,2,2,None,Left,2
2869,2349.279,2,2,None,Left,2
2870,2349.529,2,2,None,Left,2
2871,2350.062,2,2,None,Right,1
2872,2350.745,2,2,None,Left,1
2873,2351.045,2,2,None,Left,3
2874,2353.045,2,2,None,Left,3
2875,2353.479,2,2,None,Up,1
2876,2353.945,2,2,None,Left,1
2877,2354.195,2,2,None,Left,1
2878,2354.512,2,2,None,Down,2
2879,2355.345,2,2,None,Left,1
2880,2355.645,2,2,None,Down,1
2881,2356.395,2,2,None,Right,2
2882,2356.645,2,2,None,Right,2
2883,2356.979,2,2,None,Down,1
2884,2357.295,2,2,None,Right,1
2885,2358.762,2,2,None,Up,2
2886,2359.062,2,2,None,Up,2
2887,2359.329,2,2,None,Up,2
2888,2359.595,2,2,None,Up,2
2889,2360.129,2,2,None,Up,2
2890,2361.529,2,2,None,Down,1
2891,2361.878,2,2,None,Down,1
2892,2362.612,2,2,None,Down,1
2893,2362.862,2,2,None,Down,1
2894,2363.145,2,2,None,Left,1
2895,2363.428,2,2,None,Up,2
2896,2363.678,2,2,None,Up,2
2897,2363.928,2,2,None,Up,2
2898,2364.178,2,2,None,Up,2
2899,2364.645,2,2,None,Left,1
2900,2364.895,2,2,None,Up,1
2901,2365.428,2,2,None,Right,0
2902,2365.779,2,2,None,Right,0
2903,2366.029,2,2,None,Right,0
2904,2366.279,2,2,None,Right,0
2905,2366.529,2,2,None,Right,0
2906,2366.779,2,2,None,Right,0
2907,2367.029,2,2,None,Right,0
2908,2367.395,2,2,None,Right,0
2909,2368.345,2,2,None,Up,1
2910,2368.795,2,2,None,Right,1
2911,2369.095,2,2,None,Right,1
2912,2369.678,2,2,None,Down,2
2913,2370.695,2,2,None,Down,2
2914,2371.445,2,2,None,Down,2
2915,2371.695,2,2,None,Down,2
2916,2371.945,2,2,None,Down,2
2917,2372.378,2,2,None,Right,1
2918,2372.695,2,2,None,Down,1
2919,2372.945,2,2,None,Left,2
2920,2373.912,2,2,None,Left,2
2921,2374.229,2,2,None,Right,1
2922,2374.695,2,2,None,Down,1
2923,2375.095,2,2,None,Left,1
2924,2375.345,2,2,None,Left,1
2925,2375.595,2,2,None,Up,2
2926,2375.979,2,2,None,Up,2
2927,2376.229,2,2,None,Up,2
2928,2376.479,2,2,None,Up,2
2929,2376.729,2,2,None,Up,2
2930,2377.279,2,2,None,Up,2
2931,2377.695,2,2,None,Left,1
2932,2377.945,2,2,None,Up,1
2933,2378.428,2,2,None,Up,1
2934,2378.678,2,2,None,Up,1
2935,2378.928,2,2,None,Right,1
2936,2379.378,2,2,None,Down,1
2937,2379.912,2,2,None,Down,2
2938,2380.229,2,2,None,Left,1
2939,2380.878,2,2,None,Down,1
2940,2381.195,2,2,None,Right,3
2941,2381.495,2,2,None,Right,0
2942,2381.812,2,2,None,Right,0
2943,2384.995,2,2,None,Up,1
2944,2385.645,2,2,None,Right,1
2945,2386.229,2,2,None,Left,1
2946,2387.545,2,2,None,Right,1
2947,2388.112,2,2,None,Down,2
2948,2399.862,2,2,None,Up,1
2949,2400.112,2,2,None,Up,1
2950,2400.678,2,2,None,Right,1
2951,2400.962,2,2,None,Right,0
2952,2401.745,2,2,None,Down,1
2953,2402.529,2,2,None,Left,1
2954,2403.162,2,2,None,Right,1
2955,2403.845,2,2,None,Left,1
2956,2404.095,2,2,None,Left,1
2957,2405.045,2,2,None,Right,1
2958,2406.379,2,2,None,Down,1
2959,2406.645,2,2,None,Down,2
2960,2407.579,2,2,None,Left,1
2961,2408.145,2,2,None,Right,1
2962,2408.845,2,2,None,Left,1
2963,2409.462,2,2,None,Right,1
2964,2411.245,2,2,None,Left,1
2965,2413.362,2,2,None,Down,1
2966,2414.078,2,2,None,Down,1
2967,2414.545,2,2,None,Right,1
2968,2421.878,2,2,None,Up,2
2969,2422.329,2,2,None,Left,1
2970,2422.629,2,2,None,Up,1
2971,2423.295,2,2,None,Right,2
2972,2423.595,2,2,None,Right,2
2973,2424.662,2,2,None,Left,1
2974,2425.162,2,2,None,Down,1
2975,2425.795,2,2,None,Down,1
2976,2426.578,2,2,None,Right,1
2977,2426.979,2,2,None,Right,0
2978,2427.462,2,2,None,Down,1
2979,2427.845,2,2,None,Right,1
2980,2429.295,2,2,None,Left,1
2981,2429.545,2,2,None,Left,1
2982,2431.779,2,2,None,Up,1
2983,2432.029,2,2,None,Up,1
2984,2432.279,2,2,None,Up,1
2985,2432.529,2,2,None,Up,1
2986,2432.779,2,2,None,Up,1
2987,2433.245,2,2,None,Right,1
2988,2433.562,2,2,None,Down,2
2989,2433.812,2,2,None,Down,2
2990,2434.062,2,2,None,Down,2
2991,2434.445,2,2,None,Down,2
2992,2434.795,2,2,None,Left,1
2993,2435.078,2,2,None,Right,1
2994,2435.662,2,2,None,Left,1
2995,2436.162,2,2,None,Down,1
2996,2436.712,2,2,None,Right,2
2997,2436.962,2,2,None,Right,2
2998,2437.295,2,2,None,Right,2
2999,2437.545,2,2,None,Right,2
3000,2438.195,2,2,None,Down,1
3001,2438.545,2,2,None,Right,1
3002,2438.862,2,2,None,Up,2
3003,2439.112,2,2,None,Up,2
3004,2439.545,2,2,None,Up,2
3005,2439.912,2,2,None,Right,1
3006,2440.178,2,2,None,Up,1
3007,2440.445,2,2,None,Left,2
3008,2441.162,2,2,None,Right,1
3009,2441.645,2,2,None,Left,1
3010,2442.212,2,2,None,Left,5
3011,2447.562,2,2,None,Left,1
3012,2449.412,2,2,None,Left,4
3013,2461.295,2,2,None,Left,4
3014,2465.395,2,2,None,Up,1
3015,2465.895,2,2,None,Left,1
3016,2469.328,2,2,None,Left,1
3017,2469.795,2,2,None,Down,2
3018,2470.162,2,2,None,Down,2
3019,2470.445,2,2,None,Down,2
3020,2470.728,2,2,None,Down,2
3021,2471.128,2,2,None,Down,2
3022,2473.112,2,2,None,Right,1
3023,2473.928,2,2,None,Left,1
3024,2474.745,2,2,None,Left,1
3025,2475.278,2,2,None,Down,1
3026,2475.895,2,2,None,Right,2
3027,2477.112,2,2,None,Down,1
3028,2478.011,2,2,None,Right,1
3029,2478.845,2,2,None,Up,2
3030,2480.112,2,2,None,Up,2
3031,2480.595,2,2,None,Left,1
3032,2480.995,2,2,None,Up,1
3033,2481.328,2,2,None,Up,1
3034,2482.095,2,2,None,Up,1
3035,2482.378,2,2,None,Up,1
3036,2482.812,2,2,None,Up,1
3037,2483.212,2,2,None,Right,1
3038,2483.595,2,2,None,Down,3
3039,2484.128,2,2,None,Down,3
3040,2487.512,2,2,None,Down,4
3041,2488.645,2,2,None,Left,1
3042,2489.195,2,2,None,Right,1
3043,2489.978,2,2,None,Left,1
3044,2490.378,2,2,None,Down,1
3045,2490.828,2,2,None,Right,3
3046,2491.195,2,2,None,Right,3
3047,2491.445,2,2,None,Right,3
3048,2491.695,2,2,None,Right,3
3049,2491.945,2,2,None,Right,3
3050,2492.195,2,2,None,Right,3
3051,2492.978,2,2,None,Up,1
3052,2493.345,2,2,None,Right,1
3053,2493.878,2,2,None,Down,3
3054,2494.378,2,2,None,Left,1
3055,2494.628,2,2,None,Left,1
3056,2494.895,2,2,None,Left,1
3057,2495.145,2,2,None,Left,1
3058,2495.395,2,2,None,Left,1
3059,2495.645,2,2,None,Left,1
3060,2495.928,2,2,None,Left,1
3061,2496.262,2,2,None,Down,1
3062,2497.295,2,2,None,Down,1
3063,2497.595,2,2,None,Right,1
3064,2497.928,2,2,None,Up,2
3065,2498.211,2,2,None,Left,1
3066,2498.462,2,2,None,Left,1
3067,2499.328,2,2,None,Up,1
3068,2499.678,2,2,None,Right,1
3069,2499.928,2,2,None,Right,2
3070,2500.178,2,2,None,Right,2
3071,2500.428,2,2,None,Right,2
3072,2500.678,2,2,None,Right,2
3073,2500.928,2,2,None,Right,2
3074,2501.228,2,2,None,Right,124
3075,2503.045,2,2,None,Up,1
3076,2503.445,2,2,None,Right,1
3077,2503.695,2,2,None,Right,1
3078,2503.962,2,2,None,Right,1
3079,2504.228,2,2,None,Right,1
3080,2504.478,2,2,None,Right,1
3081,2504.728,2,2,None,Right,1
3082,2504.978,2,2,None,Right,1
3083,2505.228,2,2,None,Right,1
3084,2505.478,2,2,None,Right,1
3085,2505.728,2,2,None,Right,1
3086,2505.978,2,2,None,Right,1
3087,2506.228,2,2,None,Right,1
3088,2506.478,2,2,None,Right,1
3089,2506.728,2,2,None,Right,1
3090,2506.978,2,2,None,Right,1
3091,2507.295,2,2,None,Down,1
3092,2507.545,2,2,None,Down,1
3093,2507.795,2,2,None,Down,1
3094,2507.812,2,2,Success,None,-1
3095,2509.712,-1,-1,Logout,None,-1
